SLOT_ID,CHIP_ID,CHIP_TYPE,CORE_ID,CORE_TYPE,CORE_LANE,LANE_SPEED(mbps),MEDIA_TYPE,TCVR_VENDOR,NIC_VENDOR,CABLE_LENGTH(m),TX_PRE3,TX_PRE2,TX_PRE1,TX_MAIN,TX_POST1,TX_POST2,TX_POST3,TX_DRIVE_CURRENT,RX_CTLE_CODE,RX_DSP_MODE,RX_AFE_TRIM
1,1,NPU,0,CHENAB_NIF,0,100000,BACKPLANE,,,,0,1,-11,51,0,,,55,,,
1,1,NPU,0,CHENAB_NIF,1,100000,BACKPLANE,,,,0,1,-11,51,0,,,55,,,
1,1,NPU,0,CHENAB_NIF,2,100000,BACKPLANE,,,,0,1,-11,51,0,,,55,,,
1,1,NPU,0,CHENAB_NIF,3,100000,BACKPLANE,,,,0,1,-11,51,0,,,55,,,
1,1,NPU,0,CHENAB_NIF,4,100000,BACKPLANE,,,,0,1,-11,51,0,,,55,,,
1,1,NPU,0,CHENAB_NIF,5,100000,BACKPLANE,,,,0,1,-11,51,0,,,55,,,
1,1,NPU,0,CHENAB_NIF,6,100000,BACKPLANE,,,,0,1,-11,51,0,,,55,,,
1,1,NPU,0,CHENAB_NIF,7,100000,BACKPLANE,,,,0,1,-11,51,0,,,55,,,
1,1,NPU,0,CHENAB_NIF,8,100000,BACKPLANE,,,,0,1,-11,51,0,,,55,,,
1,1,NPU,0,CHENAB_NIF,9,100000,BACKPLANE,,,,0,1,-11,51,0,,,55,,,
1,1,NPU,0,CHENAB_NIF,10,100000,BACKPLANE,,,,0,1,-11,51,0,,,55,,,
1,1,NPU,0,CHENAB_NIF,11,100000,BACKPLANE,,,,0,1,-11,51,0,,,55,,,
1,1,NPU,0,CHENAB_NIF,12,100000,BACKPLANE,,,,0,1,-11,51,0,,,55,,,
1,1,NPU,0,CHENAB_NIF,13,100000,BACKPLANE,,,,0,1,-11,51,0,,,55,,,
1,1,NPU,0,CHENAB_NIF,14,100000,BACKPLANE,,,,0,1,-11,51,0,,,55,,,
1,1,NPU,0,CHENAB_NIF,15,100000,BACKPLANE,,,,0,1,-11,51,0,,,55,,,
1,1,NPU,0,CHENAB_NIF,16,100000,BACKPLANE,,,,0,1,-11,51,0,,,55,,,
1,1,NPU,0,CHENAB_NIF,17,100000,BACKPLANE,,,,0,1,-11,51,0,,,55,,,
1,1,NPU,0,CHENAB_NIF,18,100000,BACKPLANE,,,,0,1,-11,51,0,,,55,,,
1,1,NPU,0,CHENAB_NIF,19,100000,BACKPLANE,,,,0,1,-11,51,0,,,55,,,
1,1,NPU,0,CHENAB_NIF,20,100000,BACKPLANE,,,,0,1,-11,51,0,,,55,,,
1,1,NPU,0,CHENAB_NIF,21,100000,BACKPLANE,,,,0,1,-11,51,0,,,55,,,
1,1,NPU,0,CHENAB_NIF,22,100000,BACKPLANE,,,,0,1,-11,51,0,,,55,,,
1,1,NPU,0,CHENAB_NIF,23,100000,BACKPLANE,,,,0,1,-11,51,0,,,55,,,
1,1,NPU,0,CHENAB_NIF,24,100000,BACKPLANE,,,,0,1,-11,51,0,,,55,,,
1,1,NPU,0,CHENAB_NIF,25,100000,BACKPLANE,,,,0,1,-11,51,0,,,55,,,
1,1,NPU,0,CHENAB_NIF,26,100000,BACKPLANE,,,,0,1,-11,51,0,,,55,,,
1,1,NPU,0,CHENAB_NIF,27,100000,BACKPLANE,,,,0,1,-11,51,0,,,55,,,
1,1,NPU,0,CHENAB_NIF,28,100000,BACKPLANE,,,,0,1,-11,51,0,,,55,,,
1,1,NPU,0,CHENAB_NIF,29,100000,BACKPLANE,,,,0,1,-11,51,0,,,55,,,
1,1,NPU,0,CHENAB_NIF,30,100000,BACKPLANE,,,,0,1,-11,51,0,,,55,,,
1,1,NPU,0,CHENAB_NIF,31,100000,BACKPLANE,,,,0,1,-11,51,0,,,55,,,
1,1,NPU,0,CHENAB_NIF,32,100000,BACKPLANE,,,,0,1,-11,51,0,,,55,,,
1,1,NPU,0,CHENAB_NIF,33,100000,BACKPLANE,,,,0,1,-11,51,0,,,55,,,
1,1,NPU,0,CHENAB_NIF,34,100000,BACKPLANE,,,,0,1,-11,51,0,,,55,,,
1,1,NPU,0,CHENAB_NIF,35,100000,BACKPLANE,,,,0,1,-11,51,0,,,55,,,
1,1,NPU,0,CHENAB_NIF,36,100000,BACKPLANE,,,,0,1,-11,51,0,,,55,,,
1,1,NPU,0,CHENAB_NIF,37,100000,BACKPLANE,,,,0,1,-11,51,0,,,55,,,
1,1,NPU,0,CHENAB_NIF,38,100000,BACKPLANE,,,,0,1,-11,51,0,,,55,,,
1,1,NPU,0,CHENAB_NIF,39,100000,BACKPLANE,,,,0,1,-11,51,0,,,55,,,
1,1,NPU,0,CHENAB_NIF,40,100000,BACKPLANE,,,,0,1,-11,51,0,,,55,,,
1,1,NPU,0,CHENAB_NIF,41,100000,BACKPLANE,,,,0,1,-11,51,0,,,55,,,
1,1,NPU,0,CHENAB_NIF,42,100000,BACKPLANE,,,,0,1,-11,51,0,,,55,,,
1,1,NPU,0,CHENAB_NIF,43,100000,BACKPLANE,,,,0,1,-11,51,0,,,55,,,
1,1,NPU,0,CHENAB_NIF,44,100000,BACKPLANE,,,,0,1,-11,51,0,,,55,,,
1,1,NPU,0,CHENAB_NIF,45,100000,BACKPLANE,,,,0,1,-11,51,0,,,55,,,
1,1,NPU,0,CHENAB_NIF,46,100000,BACKPLANE,,,,0,1,-11,51,0,,,55,,,
1,1,NPU,0,CHENAB_NIF,47,100000,BACKPLANE,,,,0,1,-11,51,0,,,55,,,
1,1,NPU,0,CHENAB_NIF,48,100000,BACKPLANE,,,,0,1,-11,51,0,,,55,,,
1,1,NPU,0,CHENAB_NIF,49,100000,BACKPLANE,,,,0,1,-11,51,0,,,55,,,
1,1,NPU,0,CHENAB_NIF,50,100000,BACKPLANE,,,,0,1,-11,51,0,,,55,,,
1,1,NPU,0,CHENAB_NIF,51,100000,BACKPLANE,,,,0,1,-11,51,0,,,55,,,
1,1,NPU,0,CHENAB_NIF,52,100000,BACKPLANE,,,,0,1,-11,51,0,,,55,,,
1,1,NPU,0,CHENAB_NIF,53,100000,BACKPLANE,,,,0,1,-11,51,0,,,55,,,
1,1,NPU,0,CHENAB_NIF,54,100000,BACKPLANE,,,,0,1,-11,51,0,,,55,,,
1,1,NPU,0,CHENAB_NIF,55,100000,BACKPLANE,,,,0,1,-11,51,0,,,55,,,
1,1,NPU,0,CHENAB_NIF,56,100000,BACKPLANE,,,,0,1,-11,51,0,,,55,,,
1,1,NPU,0,CHENAB_NIF,57,100000,BACKPLANE,,,,0,1,-11,51,0,,,55,,,
1,1,NPU,0,CHENAB_NIF,58,100000,BACKPLANE,,,,0,1,-11,51,0,,,55,,,
1,1,NPU,0,CHENAB_NIF,59,100000,BACKPLANE,,,,0,1,-11,51,0,,,55,,,
1,1,NPU,0,CHENAB_NIF,60,100000,BACKPLANE,,,,0,1,-11,51,0,,,55,,,
1,1,NPU,0,CHENAB_NIF,61,100000,BACKPLANE,,,,0,1,-11,51,0,,,55,,,
1,1,NPU,0,CHENAB_NIF,62,100000,BACKPLANE,,,,0,1,-11,51,0,,,55,,,
1,1,NPU,0,CHENAB_NIF,63,100000,BACKPLANE,,,,0,1,-11,51,0,,,55,,,
1,1,NPU,0,CHENAB_NIF,64,100000,BACKPLANE,,,,0,1,-11,51,0,,,55,,,
1,1,NPU,0,CHENAB_NIF,65,100000,BACKPLANE,,,,0,1,-11,51,0,,,55,,,
1,1,NPU,0,CHENAB_NIF,66,100000,BACKPLANE,,,,0,1,-11,51,0,,,55,,,
1,1,NPU,0,CHENAB_NIF,67,100000,BACKPLANE,,,,0,1,-11,51,0,,,55,,,
1,1,NPU,0,CHENAB_NIF,68,100000,BACKPLANE,,,,0,1,-11,51,0,,,55,,,
1,1,NPU,0,CHENAB_NIF,69,100000,BACKPLANE,,,,0,1,-11,51,0,,,55,,,
1,1,NPU,0,CHENAB_NIF,70,100000,BACKPLANE,,,,0,1,-11,51,0,,,55,,,
1,1,NPU,0,CHENAB_NIF,71,100000,BACKPLANE,,,,0,1,-11,51,0,,,55,,,
1,1,NPU,0,CHENAB_NIF,72,100000,BACKPLANE,,,,0,1,-11,51,0,,,55,,,
1,1,NPU,0,CHENAB_NIF,73,100000,BACKPLANE,,,,0,1,-11,51,0,,,55,,,
1,1,NPU,0,CHENAB_NIF,74,100000,BACKPLANE,,,,0,1,-11,51,0,,,55,,,
1,1,NPU,0,CHENAB_NIF,75,100000,BACKPLANE,,,,0,1,-11,51,0,,,55,,,
1,1,NPU,0,CHENAB_NIF,76,100000,BACKPLANE,,,,0,1,-11,51,0,,,55,,,
1,1,NPU,0,CHENAB_NIF,77,100000,BACKPLANE,,,,0,1,-11,51,0,,,55,,,
1,1,NPU,0,CHENAB_NIF,78,100000,BACKPLANE,,,,0,1,-11,51,0,,,55,,,
1,1,NPU,0,CHENAB_NIF,79,100000,BACKPLANE,,,,0,1,-11,51,0,,,55,,,
1,1,NPU,0,CHENAB_NIF,80,100000,BACKPLANE,,,,0,1,-11,51,0,,,55,,,
1,1,NPU,0,CHENAB_NIF,81,100000,BACKPLANE,,,,0,1,-11,51,0,,,55,,,
1,1,NPU,0,CHENAB_NIF,82,100000,BACKPLANE,,,,0,1,-11,51,0,,,55,,,
1,1,NPU,0,CHENAB_NIF,83,100000,BACKPLANE,,,,0,1,-11,51,0,,,55,,,
1,1,NPU,0,CHENAB_NIF,84,100000,BACKPLANE,,,,0,1,-11,51,0,,,55,,,
1,1,NPU,0,CHENAB_NIF,85,100000,BACKPLANE,,,,0,1,-11,51,0,,,55,,,
1,1,NPU,0,CHENAB_NIF,86,100000,BACKPLANE,,,,0,1,-11,51,0,,,55,,,
1,1,NPU,0,CHENAB_NIF,87,100000,BACKPLANE,,,,0,1,-11,51,0,,,55,,,
1,1,NPU,0,CHENAB_NIF,88,100000,BACKPLANE,,,,0,1,-11,51,0,,,55,,,
1,1,NPU,0,CHENAB_NIF,89,100000,BACKPLANE,,,,0,1,-11,51,0,,,55,,,
1,1,NPU,0,CHENAB_NIF,90,100000,BACKPLANE,,,,0,1,-11,51,0,,,55,,,
1,1,NPU,0,CHENAB_NIF,91,100000,BACKPLANE,,,,0,1,-11,51,0,,,55,,,
1,1,NPU,0,CHENAB_NIF,92,100000,BACKPLANE,,,,0,1,-11,51,0,,,55,,,
1,1,NPU,0,CHENAB_NIF,93,100000,BACKPLANE,,,,0,1,-11,51,0,,,55,,,
1,1,NPU,0,CHENAB_NIF,94,100000,BACKPLANE,,,,0,1,-11,51,0,,,55,,,
1,1,NPU,0,CHENAB_NIF,95,100000,BACKPLANE,,,,0,1,-11,51,0,,,55,,,
1,1,NPU,0,CHENAB_NIF,96,100000,BACKPLANE,,,,0,1,-11,51,0,,,55,,,
1,1,NPU,0,CHENAB_NIF,97,100000,BACKPLANE,,,,0,1,-11,51,0,,,55,,,
1,1,NPU,0,CHENAB_NIF,98,100000,BACKPLANE,,,,0,1,-11,51,0,,,55,,,
1,1,NPU,0,CHENAB_NIF,99,100000,BACKPLANE,,,,0,1,-11,51,0,,,55,,,
1,1,NPU,0,CHENAB_NIF,100,100000,BACKPLANE,,,,0,1,-11,51,0,,,55,,,
1,1,NPU,0,CHENAB_NIF,101,100000,BACKPLANE,,,,0,1,-11,51,0,,,55,,,
1,1,NPU,0,CHENAB_NIF,102,100000,BACKPLANE,,,,0,1,-11,51,0,,,55,,,
1,1,NPU,0,CHENAB_NIF,103,100000,BACKPLANE,,,,0,1,-11,51,0,,,55,,,
1,1,NPU,0,CHENAB_NIF,104,100000,BACKPLANE,,,,0,1,-11,51,0,,,55,,,
1,1,NPU,0,CHENAB_NIF,105,100000,BACKPLANE,,,,0,1,-11,51,0,,,55,,,
1,1,NPU,0,CHENAB_NIF,106,100000,BACKPLANE,,,,0,1,-11,51,0,,,55,,,
1,1,NPU,0,CHENAB_NIF,107,100000,BACKPLANE,,,,0,1,-11,51,0,,,55,,,
1,1,NPU,0,CHENAB_NIF,108,100000,BACKPLANE,,,,0,1,-11,51,0,,,55,,,
1,1,NPU,0,CHENAB_NIF,109,100000,BACKPLANE,,,,0,1,-11,51,0,,,55,,,
1,1,NPU,0,CHENAB_NIF,110,100000,BACKPLANE,,,,0,1,-11,51,0,,,55,,,
1,1,NPU,0,CHENAB_NIF,111,100000,BACKPLANE,,,,0,1,-11,51,0,,,55,,,
1,1,NPU,0,CHENAB_NIF,112,100000,BACKPLANE,,,,0,1,-11,51,0,,,55,,,
1,1,NPU,0,CHENAB_NIF,113,100000,BACKPLANE,,,,0,1,-11,51,0,,,55,,,
1,1,NPU,0,CHENAB_NIF,114,100000,BACKPLANE,,,,0,1,-11,51,0,,,55,,,
1,1,NPU,0,CHENAB_NIF,115,100000,BACKPLANE,,,,0,1,-11,51,0,,,55,,,
1,1,NPU,0,CHENAB_NIF,116,100000,BACKPLANE,,,,0,1,-11,51,0,,,55,,,
1,1,NPU,0,CHENAB_NIF,117,100000,BACKPLANE,,,,0,1,-11,51,0,,,55,,,
1,1,NPU,0,CHENAB_NIF,118,100000,BACKPLANE,,,,0,1,-11,51,0,,,55,,,
1,1,NPU,0,CHENAB_NIF,119,100000,BACKPLANE,,,,0,1,-11,51,0,,,55,,,
1,1,NPU,0,CHENAB_NIF,120,100000,BACKPLANE,,,,0,1,-11,51,0,,,55,,,
1,1,NPU,0,CHENAB_NIF,121,100000,BACKPLANE,,,,0,1,-11,51,0,,,55,,,
1,1,NPU,0,CHENAB_NIF,122,100000,BACKPLANE,,,,0,1,-11,51,0,,,55,,,
1,1,NPU,0,CHENAB_NIF,123,100000,BACKPLANE,,,,0,1,-11,51,0,,,55,,,
1,1,NPU,0,CHENAB_NIF,124,100000,BACKPLANE,,,,0,1,-11,51,0,,,55,,,
1,1,NPU,0,CHENAB_NIF,125,100000,BACKPLANE,,,,0,1,-11,51,0,,,55,,,
1,1,NPU,0,CHENAB_NIF,126,100000,BACKPLANE,,,,0,1,-11,51,0,,,55,,,
1,1,NPU,0,CHENAB_NIF,127,100000,BACKPLANE,,,,0,1,-11,51,0,,,55,,,
1,1,NPU,0,CHENAB_NIF,128,100000,BACKPLANE,,,,0,1,-10,52,0,,,55,,,
1,1,NPU,0,CHENAB_NIF,129,100000,BACKPLANE,,,,0,1,-10,52,0,,,55,,,
1,1,NPU,0,CHENAB_NIF,130,100000,BACKPLANE,,,,0,1,-10,52,0,,,55,,,
1,1,NPU,0,CHENAB_NIF,131,100000,BACKPLANE,,,,0,1,-10,52,0,,,55,,,
1,1,NPU,0,CHENAB_NIF,132,100000,BACKPLANE,,,,0,1,-10,52,0,,,55,,,
1,1,NPU,0,CHENAB_NIF,133,100000,BACKPLANE,,,,0,1,-10,52,0,,,55,,,
1,1,NPU,0,CHENAB_NIF,134,100000,BACKPLANE,,,,0,1,-10,52,0,,,55,,,
1,1,NPU,0,CHENAB_NIF,135,100000,BACKPLANE,,,,0,1,-10,52,0,,,55,,,
1,1,NPU,0,CHENAB_NIF,136,100000,BACKPLANE,,,,0,1,-10,52,0,,,55,,,
1,1,NPU,0,CHENAB_NIF,137,100000,BACKPLANE,,,,0,1,-10,52,0,,,55,,,
1,1,NPU,0,CHENAB_NIF,138,100000,BACKPLANE,,,,0,1,-10,52,0,,,55,,,
1,1,NPU,0,CHENAB_NIF,139,100000,BACKPLANE,,,,0,1,-10,52,0,,,55,,,
1,1,NPU,0,CHENAB_NIF,140,100000,BACKPLANE,,,,0,1,-10,52,0,,,55,,,
1,1,NPU,0,CHENAB_NIF,141,100000,BACKPLANE,,,,0,1,-10,52,0,,,55,,,
1,1,NPU,0,CHENAB_NIF,142,100000,BACKPLANE,,,,0,1,-10,52,0,,,55,,,
1,1,NPU,0,CHENAB_NIF,143,100000,BACKPLANE,,,,0,1,-10,52,0,,,55,,,
1,1,NPU,0,CHENAB_NIF,144,100000,BACKPLANE,,,,0,1,-10,52,0,,,55,,,
1,1,NPU,0,CHENAB_NIF,145,100000,BACKPLANE,,,,0,1,-10,52,0,,,55,,,
1,1,NPU,0,CHENAB_NIF,146,100000,BACKPLANE,,,,0,1,-10,52,0,,,55,,,
1,1,NPU,0,CHENAB_NIF,147,100000,BACKPLANE,,,,0,1,-10,52,0,,,55,,,
1,1,NPU,0,CHENAB_NIF,148,100000,BACKPLANE,,,,0,1,-10,52,0,,,55,,,
1,1,NPU,0,CHENAB_NIF,149,100000,BACKPLANE,,,,0,1,-10,52,0,,,55,,,
1,1,NPU,0,CHENAB_NIF,150,100000,BACKPLANE,,,,0,1,-10,52,0,,,55,,,
1,1,NPU,0,CHENAB_NIF,151,100000,BACKPLANE,,,,0,1,-10,52,0,,,55,,,
1,1,NPU,0,CHENAB_NIF,152,100000,BACKPLANE,,,,0,1,-10,52,0,,,55,,,
1,1,NPU,0,CHENAB_NIF,153,100000,BACKPLANE,,,,0,1,-10,52,0,,,55,,,
1,1,NPU,0,CHENAB_NIF,154,100000,BACKPLANE,,,,0,1,-10,52,0,,,55,,,
1,1,NPU,0,CHENAB_NIF,155,100000,BACKPLANE,,,,0,1,-10,52,0,,,55,,,
1,1,NPU,0,CHENAB_NIF,156,100000,BACKPLANE,,,,0,1,-10,52,0,,,55,,,
1,1,NPU,0,CHENAB_NIF,157,100000,BACKPLANE,,,,0,1,-10,52,0,,,55,,,
1,1,NPU,0,CHENAB_NIF,158,100000,BACKPLANE,,,,0,1,-10,52,0,,,55,,,
1,1,NPU,0,CHENAB_NIF,159,100000,BACKPLANE,,,,0,1,-10,52,0,,,55,,,
1,1,NPU,0,CHENAB_NIF,160,100000,BACKPLANE,,,,0,1,-10,52,0,,,55,,,
1,1,NPU,0,CHENAB_NIF,161,100000,BACKPLANE,,,,0,1,-10,52,0,,,55,,,
1,1,NPU,0,CHENAB_NIF,162,100000,BACKPLANE,,,,0,1,-10,52,0,,,55,,,
1,1,NPU,0,CHENAB_NIF,163,100000,BACKPLANE,,,,0,1,-10,52,0,,,55,,,
1,1,NPU,0,CHENAB_NIF,164,100000,BACKPLANE,,,,0,1,-10,52,0,,,55,,,
1,1,NPU,0,CHENAB_NIF,165,100000,BACKPLANE,,,,0,1,-10,52,0,,,55,,,
1,1,NPU,0,CHENAB_NIF,166,100000,BACKPLANE,,,,0,1,-10,52,0,,,55,,,
1,1,NPU,0,CHENAB_NIF,167,100000,BACKPLANE,,,,0,1,-10,52,0,,,55,,,
1,1,NPU,0,CHENAB_NIF,168,100000,BACKPLANE,,,,0,1,-10,52,0,,,55,,,
1,1,NPU,0,CHENAB_NIF,169,100000,BACKPLANE,,,,0,1,-10,52,0,,,55,,,
1,1,NPU,0,CHENAB_NIF,170,100000,BACKPLANE,,,,0,1,-10,52,0,,,55,,,
1,1,NPU,0,CHENAB_NIF,171,100000,BACKPLANE,,,,0,1,-10,52,0,,,55,,,
1,1,NPU,0,CHENAB_NIF,172,100000,BACKPLANE,,,,0,1,-10,52,0,,,55,,,
1,1,NPU,0,CHENAB_NIF,173,100000,BACKPLANE,,,,0,1,-10,52,0,,,55,,,
1,1,NPU,0,CHENAB_NIF,174,100000,BACKPLANE,,,,0,1,-10,52,0,,,55,,,
1,1,NPU,0,CHENAB_NIF,175,100000,BACKPLANE,,,,0,1,-10,52,0,,,55,,,
1,1,NPU,0,CHENAB_NIF,176,100000,BACKPLANE,,,,0,1,-10,52,0,,,55,,,
1,1,NPU,0,CHENAB_NIF,177,100000,BACKPLANE,,,,0,1,-10,52,0,,,55,,,
1,1,NPU,0,CHENAB_NIF,178,100000,BACKPLANE,,,,0,1,-10,52,0,,,55,,,
1,1,NPU,0,CHENAB_NIF,179,100000,BACKPLANE,,,,0,1,-10,52,0,,,55,,,
1,1,NPU,0,CHENAB_NIF,180,100000,BACKPLANE,,,,0,1,-10,52,0,,,55,,,
1,1,NPU,0,CHENAB_NIF,181,100000,BACKPLANE,,,,0,1,-10,52,0,,,55,,,
1,1,NPU,0,CHENAB_NIF,182,100000,BACKPLANE,,,,0,1,-10,52,0,,,55,,,
1,1,NPU,0,CHENAB_NIF,183,100000,BACKPLANE,,,,0,1,-10,52,0,,,55,,,
1,1,NPU,0,CHENAB_NIF,184,100000,BACKPLANE,,,,0,1,-10,52,0,,,55,,,
1,1,NPU,0,CHENAB_NIF,185,100000,BACKPLANE,,,,0,1,-10,52,0,,,55,,,
1,1,NPU,0,CHENAB_NIF,186,100000,BACKPLANE,,,,0,1,-10,52,0,,,55,,,
1,1,NPU,0,CHENAB_NIF,187,100000,BACKPLANE,,,,0,1,-10,52,0,,,55,,,
1,1,NPU,0,CHENAB_NIF,188,100000,BACKPLANE,,,,0,1,-10,52,0,,,55,,,
1,1,NPU,0,CHENAB_NIF,189,100000,BACKPLANE,,,,0,1,-10,52,0,,,55,,,
1,1,NPU,0,CHENAB_NIF,190,100000,BACKPLANE,,,,0,1,-10,52,0,,,55,,,
1,1,NPU,0,CHENAB_NIF,191,100000,BACKPLANE,,,,0,1,-10,52,0,,,55,,,
1,1,NPU,0,CHENAB_NIF,192,100000,BACKPLANE,,,,0,1,-10,52,0,,,55,,,
1,1,NPU,0,CHENAB_NIF,193,100000,BACKPLANE,,,,0,1,-10,52,0,,,55,,,
1,1,NPU,0,CHENAB_NIF,194,100000,BACKPLANE,,,,0,1,-10,52,0,,,55,,,
1,1,NPU,0,CHENAB_NIF,195,100000,BACKPLANE,,,,0,1,-10,52,0,,,55,,,
1,1,NPU,0,CHENAB_NIF,196,100000,BACKPLANE,,,,0,1,-10,52,0,,,55,,,
1,1,NPU,0,CHENAB_NIF,197,100000,BACKPLANE,,,,0,1,-10,52,0,,,55,,,
1,1,NPU,0,CHENAB_NIF,198,100000,BACKPLANE,,,,0,1,-10,52,0,,,55,,,
1,1,NPU,0,CHENAB_NIF,199,100000,BACKPLANE,,,,0,1,-10,52,0,,,55,,,
1,1,NPU,0,CHENAB_NIF,200,100000,BACKPLANE,,,,0,1,-10,52,0,,,55,,,
1,1,NPU,0,CHENAB_NIF,201,100000,BACKPLANE,,,,0,1,-10,52,0,,,55,,,
1,1,NPU,0,CHENAB_NIF,202,100000,BACKPLANE,,,,0,1,-10,52,0,,,55,,,
1,1,NPU,0,CHENAB_NIF,203,100000,BACKPLANE,,,,0,1,-10,52,0,,,55,,,
1,1,NPU,0,CHENAB_NIF,204,100000,BACKPLANE,,,,0,1,-10,52,0,,,55,,,
1,1,NPU,0,CHENAB_NIF,205,100000,BACKPLANE,,,,0,1,-10,52,0,,,55,,,
1,1,NPU,0,CHENAB_NIF,206,100000,BACKPLANE,,,,0,1,-10,52,0,,,55,,,
1,1,NPU,0,CHENAB_NIF,207,100000,BACKPLANE,,,,0,1,-10,52,0,,,55,,,
1,1,NPU,0,CHENAB_NIF,208,100000,BACKPLANE,,,,0,1,-10,52,0,,,55,,,
1,1,NPU,0,CHENAB_NIF,209,100000,BACKPLANE,,,,0,1,-10,52,0,,,55,,,
1,1,NPU,0,CHENAB_NIF,210,100000,BACKPLANE,,,,0,1,-10,52,0,,,55,,,
1,1,NPU,0,CHENAB_NIF,211,100000,BACKPLANE,,,,0,1,-10,52,0,,,55,,,
1,1,NPU,0,CHENAB_NIF,212,100000,BACKPLANE,,,,0,1,-10,52,0,,,55,,,
1,1,NPU,0,CHENAB_NIF,213,100000,BACKPLANE,,,,0,1,-10,52,0,,,55,,,
1,1,NPU,0,CHENAB_NIF,214,100000,BACKPLANE,,,,0,1,-10,52,0,,,55,,,
1,1,NPU,0,CHENAB_NIF,215,100000,BACKPLANE,,,,0,1,-10,52,0,,,55,,,
1,1,NPU,0,CHENAB_NIF,216,100000,BACKPLANE,,,,0,1,-10,52,0,,,55,,,
1,1,NPU,0,CHENAB_NIF,217,100000,BACKPLANE,,,,0,1,-10,52,0,,,55,,,
1,1,NPU,0,CHENAB_NIF,218,100000,BACKPLANE,,,,0,1,-10,52,0,,,55,,,
1,1,NPU,0,CHENAB_NIF,219,100000,BACKPLANE,,,,0,1,-10,52,0,,,55,,,
1,1,NPU,0,CHENAB_NIF,220,100000,BACKPLANE,,,,0,1,-10,52,0,,,55,,,
1,1,NPU,0,CHENAB_NIF,221,100000,BACKPLANE,,,,0,1,-10,52,0,,,55,,,
1,1,NPU,0,CHENAB_NIF,222,100000,BACKPLANE,,,,0,1,-10,52,0,,,55,,,
1,1,NPU,0,CHENAB_NIF,223,100000,BACKPLANE,,,,0,1,-10,52,0,,,55,,,
1,1,NPU,0,CHENAB_NIF,224,100000,BACKPLANE,,,,0,1,-10,52,0,,,55,,,
1,1,NPU,0,CHENAB_NIF,225,100000,BACKPLANE,,,,0,1,-10,52,0,,,55,,,
1,1,NPU,0,CHENAB_NIF,226,100000,BACKPLANE,,,,0,1,-10,52,0,,,55,,,
1,1,NPU,0,CHENAB_NIF,227,100000,BACKPLANE,,,,0,1,-10,52,0,,,55,,,
1,1,NPU,0,CHENAB_NIF,228,100000,BACKPLANE,,,,0,1,-10,52,0,,,55,,,
1,1,NPU,0,CHENAB_NIF,229,100000,BACKPLANE,,,,0,1,-10,52,0,,,55,,,
1,1,NPU,0,CHENAB_NIF,230,100000,BACKPLANE,,,,0,1,-10,52,0,,,55,,,
1,1,NPU,0,CHENAB_NIF,231,100000,BACKPLANE,,,,0,1,-10,52,0,,,55,,,
1,1,NPU,0,CHENAB_NIF,232,100000,BACKPLANE,,,,0,1,-10,52,0,,,55,,,
1,1,NPU,0,CHENAB_NIF,233,100000,BACKPLANE,,,,0,1,-10,52,0,,,55,,,
1,1,NPU,0,CHENAB_NIF,234,100000,BACKPLANE,,,,0,1,-10,52,0,,,55,,,
1,1,NPU,0,CHENAB_NIF,235,100000,BACKPLANE,,,,0,1,-10,52,0,,,55,,,
1,1,NPU,0,CHENAB_NIF,236,100000,BACKPLANE,,,,0,1,-10,52,0,,,55,,,
1,1,NPU,0,CHENAB_NIF,237,100000,BACKPLANE,,,,0,1,-10,52,0,,,55,,,
1,1,NPU,0,CHENAB_NIF,238,100000,BACKPLANE,,,,0,1,-10,52,0,,,55,,,
1,1,NPU,0,CHENAB_NIF,239,100000,BACKPLANE,,,,0,1,-10,52,0,,,55,,,
1,1,NPU,0,CHENAB_NIF,240,100000,BACKPLANE,,,,0,1,-10,52,0,,,55,,,
1,1,NPU,0,CHENAB_NIF,241,100000,BACKPLANE,,,,0,1,-10,52,0,,,55,,,
1,1,NPU,0,CHENAB_NIF,242,100000,BACKPLANE,,,,0,1,-10,52,0,,,55,,,
1,1,NPU,0,CHENAB_NIF,243,100000,BACKPLANE,,,,0,1,-10,52,0,,,55,,,
1,1,NPU,0,CHENAB_NIF,244,100000,BACKPLANE,,,,0,1,-10,52,0,,,55,,,
1,1,NPU,0,CHENAB_NIF,245,100000,BACKPLANE,,,,0,1,-10,52,0,,,55,,,
1,1,NPU,0,CHENAB_NIF,246,100000,BACKPLANE,,,,0,1,-10,52,0,,,55,,,
1,1,NPU,0,CHENAB_NIF,247,100000,BACKPLANE,,,,0,1,-10,52,0,,,55,,,
1,1,NPU,0,CHENAB_NIF,248,100000,BACKPLANE,,,,0,1,-10,52,0,,,55,,,
1,1,NPU,0,CHENAB_NIF,249,100000,BACKPLANE,,,,0,1,-10,52,0,,,55,,,
1,1,NPU,0,CHENAB_NIF,250,100000,BACKPLANE,,,,0,1,-10,52,0,,,55,,,
1,1,NPU,0,CHENAB_NIF,251,100000,BACKPLANE,,,,0,1,-10,52,0,,,55,,,
1,1,NPU,0,CHENAB_NIF,252,100000,BACKPLANE,,,,0,1,-10,52,0,,,55,,,
1,1,NPU,0,CHENAB_NIF,253,100000,BACKPLANE,,,,0,1,-10,52,0,,,55,,,
1,1,NPU,0,CHENAB_NIF,254,100000,BACKPLANE,,,,0,1,-10,52,0,,,55,,,
1,1,NPU,0,CHENAB_NIF,255,100000,BACKPLANE,,,,0,1,-10,52,0,,,55,,,
1,1,NPU,0,CHENAB_NIF,256,100000,BACKPLANE,,,,0,1,-10,52,0,,,55,,,
1,1,NPU,0,CHENAB_NIF,257,100000,BACKPLANE,,,,0,1,-10,52,0,,,55,,,
1,1,NPU,0,CHENAB_NIF,258,100000,BACKPLANE,,,,0,1,-10,52,0,,,55,,,
1,1,NPU,0,CHENAB_NIF,259,100000,BACKPLANE,,,,0,1,-10,52,0,,,55,,,
1,1,NPU,0,CHENAB_NIF,260,100000,BACKPLANE,,,,0,1,-10,52,0,,,55,,,
1,1,NPU,0,CHENAB_NIF,261,100000,BACKPLANE,,,,0,1,-10,52,0,,,55,,,
1,1,NPU,0,CHENAB_NIF,262,100000,BACKPLANE,,,,0,1,-10,52,0,,,55,,,
1,1,NPU,0,CHENAB_NIF,263,100000,BACKPLANE,,,,0,1,-10,52,0,,,55,,,
1,1,NPU,0,CHENAB_NIF,264,100000,BACKPLANE,,,,0,1,-10,52,0,,,55,,,
1,1,NPU,0,CHENAB_NIF,265,100000,BACKPLANE,,,,0,1,-10,52,0,,,55,,,
1,1,NPU,0,CHENAB_NIF,266,100000,BACKPLANE,,,,0,1,-10,52,0,,,55,,,
1,1,NPU,0,CHENAB_NIF,267,100000,BACKPLANE,,,,0,1,-10,52,0,,,55,,,
1,1,NPU,0,CHENAB_NIF,268,100000,BACKPLANE,,,,0,1,-10,52,0,,,55,,,
1,1,NPU,0,CHENAB_NIF,269,100000,BACKPLANE,,,,0,1,-10,52,0,,,55,,,
1,1,NPU,0,CHENAB_NIF,270,100000,BACKPLANE,,,,0,1,-10,52,0,,,55,,,
1,1,NPU,0,CHENAB_NIF,271,100000,BACKPLANE,,,,0,1,-10,52,0,,,55,,,
1,1,NPU,0,CHENAB_NIF,272,100000,BACKPLANE,,,,0,1,-10,52,0,,,55,,,
1,1,NPU,0,CHENAB_NIF,273,100000,BACKPLANE,,,,0,1,-10,52,0,,,55,,,
1,1,NPU,0,CHENAB_NIF,274,100000,BACKPLANE,,,,0,1,-10,52,0,,,55,,,
1,1,NPU,0,CHENAB_NIF,275,100000,BACKPLANE,,,,0,1,-10,52,0,,,55,,,
1,1,NPU,0,CHENAB_NIF,276,100000,BACKPLANE,,,,0,1,-10,52,0,,,55,,,
1,1,NPU,0,CHENAB_NIF,277,100000,BACKPLANE,,,,0,1,-10,52,0,,,55,,,
1,1,NPU,0,CHENAB_NIF,278,100000,BACKPLANE,,,,0,1,-10,52,0,,,55,,,
1,1,NPU,0,CHENAB_NIF,279,100000,BACKPLANE,,,,0,1,-10,52,0,,,55,,,
1,1,NPU,0,CHENAB_NIF,280,100000,BACKPLANE,,,,0,1,-10,52,0,,,55,,,
1,1,NPU,0,CHENAB_NIF,281,100000,BACKPLANE,,,,0,1,-10,52,0,,,55,,,
1,1,NPU,0,CHENAB_NIF,282,100000,BACKPLANE,,,,0,1,-10,52,0,,,55,,,
1,1,NPU,0,CHENAB_NIF,283,100000,BACKPLANE,,,,0,1,-10,52,0,,,55,,,
1,1,NPU,0,CHENAB_NIF,284,100000,BACKPLANE,,,,0,1,-10,52,0,,,55,,,
1,1,NPU,0,CHENAB_NIF,285,100000,BACKPLANE,,,,0,1,-10,52,0,,,55,,,
1,1,NPU,0,CHENAB_NIF,286,100000,BACKPLANE,,,,0,1,-10,52,0,,,55,,,
1,1,NPU,0,CHENAB_NIF,287,100000,BACKPLANE,,,,0,1,-10,52,0,,,55,,,
1,1,NPU,0,CHENAB_NIF,288,100000,BACKPLANE,,,,0,1,-10,52,0,,,55,,,
1,1,NPU,0,CHENAB_NIF,289,100000,BACKPLANE,,,,0,1,-10,52,0,,,55,,,
1,1,NPU,0,CHENAB_NIF,290,100000,BACKPLANE,,,,0,1,-10,52,0,,,55,,,
1,1,NPU,0,CHENAB_NIF,291,100000,BACKPLANE,,,,0,1,-10,52,0,,,55,,,
1,1,NPU,0,CHENAB_NIF,292,100000,BACKPLANE,,,,0,1,-10,52,0,,,55,,,
1,1,NPU,0,CHENAB_NIF,293,100000,BACKPLANE,,,,0,1,-10,52,0,,,55,,,
1,1,NPU,0,CHENAB_NIF,294,100000,BACKPLANE,,,,0,1,-10,52,0,,,55,,,
1,1,NPU,0,CHENAB_NIF,295,100000,BACKPLANE,,,,0,1,-10,52,0,,,55,,,
1,1,NPU,0,CHENAB_NIF,296,100000,BACKPLANE,,,,0,1,-10,52,0,,,55,,,
1,1,NPU,0,CHENAB_NIF,297,100000,BACKPLANE,,,,0,1,-10,52,0,,,55,,,
1,1,NPU,0,CHENAB_NIF,298,100000,BACKPLANE,,,,0,1,-10,52,0,,,55,,,
1,1,NPU,0,CHENAB_NIF,299,100000,BACKPLANE,,,,0,1,-10,52,0,,,55,,,
1,1,NPU,0,CHENAB_NIF,300,100000,BACKPLANE,,,,0,1,-10,52,0,,,55,,,
1,1,NPU,0,CHENAB_NIF,301,100000,BACKPLANE,,,,0,1,-10,52,0,,,55,,,
1,1,NPU,0,CHENAB_NIF,302,100000,BACKPLANE,,,,0,1,-10,52,0,,,55,,,
1,1,NPU,0,CHENAB_NIF,303,100000,BACKPLANE,,,,0,1,-10,52,0,,,55,,,
1,1,NPU,0,CHENAB_NIF,304,100000,BACKPLANE,,,,0,1,-10,52,0,,,55,,,
1,1,NPU,0,CHENAB_NIF,305,100000,BACKPLANE,,,,0,1,-10,52,0,,,55,,,
1,1,NPU,0,CHENAB_NIF,306,100000,BACKPLANE,,,,0,1,-10,52,0,,,55,,,
1,1,NPU,0,CHENAB_NIF,307,100000,BACKPLANE,,,,0,1,-10,52,0,,,55,,,
1,1,NPU,0,CHENAB_NIF,308,100000,BACKPLANE,,,,0,1,-10,52,0,,,55,,,
1,1,NPU,0,CHENAB_NIF,309,100000,BACKPLANE,,,,0,1,-10,52,0,,,55,,,
1,1,NPU,0,CHENAB_NIF,310,100000,BACKPLANE,,,,0,1,-10,52,0,,,55,,,
1,1,NPU,0,CHENAB_NIF,311,100000,BACKPLANE,,,,0,1,-10,52,0,,,55,,,
1,1,NPU,0,CHENAB_NIF,312,100000,BACKPLANE,,,,0,1,-10,52,0,,,55,,,
1,1,NPU,0,CHENAB_NIF,313,100000,BACKPLANE,,,,0,1,-10,52,0,,,55,,,
1,1,NPU,0,CHENAB_NIF,314,100000,BACKPLANE,,,,0,1,-10,52,0,,,55,,,
1,1,NPU,0,CHENAB_NIF,315,100000,BACKPLANE,,,,0,1,-10,52,0,,,55,,,
1,1,NPU,0,CHENAB_NIF,316,100000,BACKPLANE,,,,0,1,-10,52,0,,,55,,,
1,1,NPU,0,CHENAB_NIF,317,100000,BACKPLANE,,,,0,1,-10,52,0,,,55,,,
1,1,NPU,0,CHENAB_NIF,318,100000,BACKPLANE,,,,0,1,-10,52,0,,,55,,,
1,1,NPU,0,CHENAB_NIF,319,100000,BACKPLANE,,,,0,1,-10,52,0,,,55,,,
1,1,NPU,0,CHENAB_NIF,320,100000,BACKPLANE,,,,0,1,-10,52,0,,,55,,,
1,1,NPU,0,CHENAB_NIF,321,100000,BACKPLANE,,,,0,1,-10,52,0,,,55,,,
1,1,NPU,0,CHENAB_NIF,322,100000,BACKPLANE,,,,0,1,-10,52,0,,,55,,,
1,1,NPU,0,CHENAB_NIF,323,100000,BACKPLANE,,,,0,1,-10,52,0,,,55,,,
1,1,NPU,0,CHENAB_NIF,324,100000,BACKPLANE,,,,0,1,-10,52,0,,,55,,,
1,1,NPU,0,CHENAB_NIF,325,100000,BACKPLANE,,,,0,1,-10,52,0,,,55,,,
1,1,NPU,0,CHENAB_NIF,326,100000,BACKPLANE,,,,0,1,-10,52,0,,,55,,,
1,1,NPU,0,CHENAB_NIF,327,100000,BACKPLANE,,,,0,1,-10,52,0,,,55,,,
1,1,NPU,0,CHENAB_NIF,328,100000,BACKPLANE,,,,0,1,-10,52,0,,,55,,,
1,1,NPU,0,CHENAB_NIF,329,100000,BACKPLANE,,,,0,1,-10,52,0,,,55,,,
1,1,NPU,0,CHENAB_NIF,330,100000,BACKPLANE,,,,0,1,-10,52,0,,,55,,,
1,1,NPU,0,CHENAB_NIF,331,100000,BACKPLANE,,,,0,1,-10,52,0,,,55,,,
1,1,NPU,0,CHENAB_NIF,332,100000,BACKPLANE,,,,0,1,-10,52,0,,,55,,,
1,1,NPU,0,CHENAB_NIF,333,100000,BACKPLANE,,,,0,1,-10,52,0,,,55,,,
1,1,NPU,0,CHENAB_NIF,334,100000,BACKPLANE,,,,0,1,-10,52,0,,,55,,,
1,1,NPU,0,CHENAB_NIF,335,100000,BACKPLANE,,,,0,1,-10,52,0,,,55,,,
1,1,NPU,0,CHENAB_NIF,336,100000,BACKPLANE,,,,0,1,-10,52,0,,,55,,,
1,1,NPU,0,CHENAB_NIF,337,100000,BACKPLANE,,,,0,1,-10,52,0,,,55,,,
1,1,NPU,0,CHENAB_NIF,338,100000,BACKPLANE,,,,0,1,-10,52,0,,,55,,,
1,1,NPU,0,CHENAB_NIF,339,100000,BACKPLANE,,,,0,1,-10,52,0,,,55,,,
1,1,NPU,0,CHENAB_NIF,340,100000,BACKPLANE,,,,0,1,-10,52,0,,,55,,,
1,1,NPU,0,CHENAB_NIF,341,100000,BACKPLANE,,,,0,1,-10,52,0,,,55,,,
1,1,NPU,0,CHENAB_NIF,342,100000,BACKPLANE,,,,0,1,-10,52,0,,,55,,,
1,1,NPU,0,CHENAB_NIF,343,100000,BACKPLANE,,,,0,1,-10,52,0,,,55,,,
1,1,NPU,0,CHENAB_NIF,344,100000,BACKPLANE,,,,0,1,-10,52,0,,,55,,,
1,1,NPU,0,CHENAB_NIF,345,100000,BACKPLANE,,,,0,1,-10,52,0,,,55,,,
1,1,NPU,0,CHENAB_NIF,346,100000,BACKPLANE,,,,0,1,-10,52,0,,,55,,,
1,1,NPU,0,CHENAB_NIF,347,100000,BACKPLANE,,,,0,1,-10,52,0,,,55,,,
1,1,NPU,0,CHENAB_NIF,348,100000,BACKPLANE,,,,0,1,-10,52,0,,,55,,,
1,1,NPU,0,CHENAB_NIF,349,100000,BACKPLANE,,,,0,1,-10,52,0,,,55,,,
1,1,NPU,0,CHENAB_NIF,350,100000,BACKPLANE,,,,0,1,-10,52,0,,,55,,,
1,1,NPU,0,CHENAB_NIF,351,100000,BACKPLANE,,,,0,1,-10,52,0,,,55,,,
1,1,NPU,0,CHENAB_NIF,352,100000,BACKPLANE,,,,0,1,-10,52,0,,,55,,,
1,1,NPU,0,CHENAB_NIF,353,100000,BACKPLANE,,,,0,1,-10,52,0,,,55,,,
1,1,NPU,0,CHENAB_NIF,354,100000,BACKPLANE,,,,0,1,-10,52,0,,,55,,,
1,1,NPU,0,CHENAB_NIF,355,100000,BACKPLANE,,,,0,1,-10,52,0,,,55,,,
1,1,NPU,0,CHENAB_NIF,356,100000,BACKPLANE,,,,0,1,-10,52,0,,,55,,,
1,1,NPU,0,CHENAB_NIF,357,100000,BACKPLANE,,,,0,1,-10,52,0,,,55,,,
1,1,NPU,0,CHENAB_NIF,358,100000,BACKPLANE,,,,0,1,-10,52,0,,,55,,,
1,1,NPU,0,CHENAB_NIF,359,100000,BACKPLANE,,,,0,1,-10,52,0,,,55,,,
1,1,NPU,0,CHENAB_NIF,360,100000,BACKPLANE,,,,0,1,-10,52,0,,,55,,,
1,1,NPU,0,CHENAB_NIF,361,100000,BACKPLANE,,,,0,1,-10,52,0,,,55,,,
1,1,NPU,0,CHENAB_NIF,362,100000,BACKPLANE,,,,0,1,-10,52,0,,,55,,,
1,1,NPU,0,CHENAB_NIF,363,100000,BACKPLANE,,,,0,1,-10,52,0,,,55,,,
1,1,NPU,0,CHENAB_NIF,364,100000,BACKPLANE,,,,0,1,-10,52,0,,,55,,,
1,1,NPU,0,CHENAB_NIF,365,100000,BACKPLANE,,,,0,1,-10,52,0,,,55,,,
1,1,NPU,0,CHENAB_NIF,366,100000,BACKPLANE,,,,0,1,-10,52,0,,,55,,,
1,1,NPU,0,CHENAB_NIF,367,100000,BACKPLANE,,,,0,1,-10,52,0,,,55,,,
1,1,NPU,0,CHENAB_NIF,368,100000,BACKPLANE,,,,0,1,-10,52,0,,,55,,,
1,1,NPU,0,CHENAB_NIF,369,100000,BACKPLANE,,,,0,1,-10,52,0,,,55,,,
1,1,NPU,0,CHENAB_NIF,370,100000,BACKPLANE,,,,0,1,-10,52,0,,,55,,,
1,1,NPU,0,CHENAB_NIF,371,100000,BACKPLANE,,,,0,1,-10,52,0,,,55,,,
1,1,NPU,0,CHENAB_NIF,372,100000,BACKPLANE,,,,0,1,-10,52,0,,,55,,,
1,1,NPU,0,CHENAB_NIF,373,100000,BACKPLANE,,,,0,1,-10,52,0,,,55,,,
1,1,NPU,0,CHENAB_NIF,374,100000,BACKPLANE,,,,0,1,-10,52,0,,,55,,,
1,1,NPU,0,CHENAB_NIF,375,100000,BACKPLANE,,,,0,1,-10,52,0,,,55,,,
1,1,NPU,0,CHENAB_NIF,376,100000,BACKPLANE,,,,0,1,-10,52,0,,,55,,,
1,1,NPU,0,CHENAB_NIF,377,100000,BACKPLANE,,,,0,1,-10,52,0,,,55,,,
1,1,NPU,0,CHENAB_NIF,378,100000,BACKPLANE,,,,0,1,-10,52,0,,,55,,,
1,1,NPU,0,CHENAB_NIF,379,100000,BACKPLANE,,,,0,1,-10,52,0,,,55,,,
1,1,NPU,0,CHENAB_NIF,380,100000,BACKPLANE,,,,0,1,-10,52,0,,,55,,,
1,1,NPU,0,CHENAB_NIF,381,100000,BACKPLANE,,,,0,1,-10,52,0,,,55,,,
1,1,NPU,0,CHENAB_NIF,382,100000,BACKPLANE,,,,0,1,-10,52,0,,,55,,,
1,1,NPU,0,CHENAB_NIF,383,100000,BACKPLANE,,,,0,1,-10,52,0,,,55,,,
1,1,NPU,0,CHENAB_NIF,384,100000,BACKPLANE,,,,0,1,-11,51,0,,,55,,,
1,1,NPU,0,CHENAB_NIF,385,100000,BACKPLANE,,,,0,1,-11,51,0,,,55,,,
1,1,NPU,0,CHENAB_NIF,386,100000,BACKPLANE,,,,0,1,-11,51,0,,,55,,,
1,1,NPU,0,CHENAB_NIF,387,100000,BACKPLANE,,,,0,1,-11,51,0,,,55,,,
1,1,NPU,0,CHENAB_NIF,388,100000,BACKPLANE,,,,0,1,-11,51,0,,,55,,,
1,1,NPU,0,CHENAB_NIF,389,100000,BACKPLANE,,,,0,1,-11,51,0,,,55,,,
1,1,NPU,0,CHENAB_NIF,390,100000,BACKPLANE,,,,0,1,-11,51,0,,,55,,,
1,1,NPU,0,CHENAB_NIF,391,100000,BACKPLANE,,,,0,1,-11,51,0,,,55,,,
1,1,NPU,0,CHENAB_NIF,392,100000,BACKPLANE,,,,0,1,-11,51,0,,,55,,,
1,1,NPU,0,CHENAB_NIF,393,100000,BACKPLANE,,,,0,1,-11,51,0,,,55,,,
1,1,NPU,0,CHENAB_NIF,394,100000,BACKPLANE,,,,0,1,-11,51,0,,,55,,,
1,1,NPU,0,CHENAB_NIF,395,100000,BACKPLANE,,,,0,1,-11,51,0,,,55,,,
1,1,NPU,0,CHENAB_NIF,396,100000,BACKPLANE,,,,0,1,-11,51,0,,,55,,,
1,1,NPU,0,CHENAB_NIF,397,100000,BACKPLANE,,,,0,1,-11,51,0,,,55,,,
1,1,NPU,0,CHENAB_NIF,398,100000,BACKPLANE,,,,0,1,-11,51,0,,,55,,,
1,1,NPU,0,CHENAB_NIF,399,100000,BACKPLANE,,,,0,1,-11,51,0,,,55,,,
1,1,NPU,0,CHENAB_NIF,400,100000,BACKPLANE,,,,0,1,-11,51,0,,,55,,,
1,1,NPU,0,CHENAB_NIF,401,100000,BACKPLANE,,,,0,1,-11,51,0,,,55,,,
1,1,NPU,0,CHENAB_NIF,402,100000,BACKPLANE,,,,0,1,-11,51,0,,,55,,,
1,1,NPU,0,CHENAB_NIF,403,100000,BACKPLANE,,,,0,1,-11,51,0,,,55,,,
1,1,NPU,0,CHENAB_NIF,404,100000,BACKPLANE,,,,0,1,-11,51,0,,,55,,,
1,1,NPU,0,CHENAB_NIF,405,100000,BACKPLANE,,,,0,1,-11,51,0,,,55,,,
1,1,NPU,0,CHENAB_NIF,406,100000,BACKPLANE,,,,0,1,-11,51,0,,,55,,,
1,1,NPU,0,CHENAB_NIF,407,100000,BACKPLANE,,,,0,1,-11,51,0,,,55,,,
1,1,NPU,0,CHENAB_NIF,408,100000,BACKPLANE,,,,0,1,-11,51,0,,,55,,,
1,1,NPU,0,CHENAB_NIF,409,100000,BACKPLANE,,,,0,1,-11,51,0,,,55,,,
1,1,NPU,0,CHENAB_NIF,410,100000,BACKPLANE,,,,0,1,-11,51,0,,,55,,,
1,1,NPU,0,CHENAB_NIF,411,100000,BACKPLANE,,,,0,1,-11,51,0,,,55,,,
1,1,NPU,0,CHENAB_NIF,412,100000,BACKPLANE,,,,0,1,-11,51,0,,,55,,,
1,1,NPU,0,CHENAB_NIF,413,100000,BACKPLANE,,,,0,1,-11,51,0,,,55,,,
1,1,NPU,0,CHENAB_NIF,414,100000,BACKPLANE,,,,0,1,-11,51,0,,,55,,,
1,1,NPU,0,CHENAB_NIF,415,100000,BACKPLANE,,,,0,1,-11,51,0,,,55,,,
1,1,NPU,0,CHENAB_NIF,416,100000,BACKPLANE,,,,0,1,-11,51,0,,,55,,,
1,1,NPU,0,CHENAB_NIF,417,100000,BACKPLANE,,,,0,1,-11,51,0,,,55,,,
1,1,NPU,0,CHENAB_NIF,418,100000,BACKPLANE,,,,0,1,-11,51,0,,,55,,,
1,1,NPU,0,CHENAB_NIF,419,100000,BACKPLANE,,,,0,1,-11,51,0,,,55,,,
1,1,NPU,0,CHENAB_NIF,420,100000,BACKPLANE,,,,0,1,-11,51,0,,,55,,,
1,1,NPU,0,CHENAB_NIF,421,100000,BACKPLANE,,,,0,1,-11,51,0,,,55,,,
1,1,NPU,0,CHENAB_NIF,422,100000,BACKPLANE,,,,0,1,-11,51,0,,,55,,,
1,1,NPU,0,CHENAB_NIF,423,100000,BACKPLANE,,,,0,1,-11,51,0,,,55,,,
1,1,NPU,0,CHENAB_NIF,424,100000,BACKPLANE,,,,0,1,-11,51,0,,,55,,,
1,1,NPU,0,CHENAB_NIF,425,100000,BACKPLANE,,,,0,1,-11,51,0,,,55,,,
1,1,NPU,0,CHENAB_NIF,426,100000,BACKPLANE,,,,0,1,-11,51,0,,,55,,,
1,1,NPU,0,CHENAB_NIF,427,100000,BACKPLANE,,,,0,1,-11,51,0,,,55,,,
1,1,NPU,0,CHENAB_NIF,428,100000,BACKPLANE,,,,0,1,-11,51,0,,,55,,,
1,1,NPU,0,CHENAB_NIF,429,100000,BACKPLANE,,,,0,1,-11,51,0,,,55,,,
1,1,NPU,0,CHENAB_NIF,430,100000,BACKPLANE,,,,0,1,-11,51,0,,,55,,,
1,1,NPU,0,CHENAB_NIF,431,100000,BACKPLANE,,,,0,1,-11,51,0,,,55,,,
1,1,NPU,0,CHENAB_NIF,432,100000,BACKPLANE,,,,0,1,-11,51,0,,,55,,,
1,1,NPU,0,CHENAB_NIF,433,100000,BACKPLANE,,,,0,1,-11,51,0,,,55,,,
1,1,NPU,0,CHENAB_NIF,434,100000,BACKPLANE,,,,0,1,-11,51,0,,,55,,,
1,1,NPU,0,CHENAB_NIF,435,100000,BACKPLANE,,,,0,1,-11,51,0,,,55,,,
1,1,NPU,0,CHENAB_NIF,436,100000,BACKPLANE,,,,0,1,-11,51,0,,,55,,,
1,1,NPU,0,CHENAB_NIF,437,100000,BACKPLANE,,,,0,1,-11,51,0,,,55,,,
1,1,NPU,0,CHENAB_NIF,438,100000,BACKPLANE,,,,0,1,-11,51,0,,,55,,,
1,1,NPU,0,CHENAB_NIF,439,100000,BACKPLANE,,,,0,1,-11,51,0,,,55,,,
1,1,NPU,0,CHENAB_NIF,440,100000,BACKPLANE,,,,0,1,-11,51,0,,,55,,,
1,1,NPU,0,CHENAB_NIF,441,100000,BACKPLANE,,,,0,1,-11,51,0,,,55,,,
1,1,NPU,0,CHENAB_NIF,442,100000,BACKPLANE,,,,0,1,-11,51,0,,,55,,,
1,1,NPU,0,CHENAB_NIF,443,100000,BACKPLANE,,,,0,1,-11,51,0,,,55,,,
1,1,NPU,0,CHENAB_NIF,444,100000,BACKPLANE,,,,0,1,-11,51,0,,,55,,,
1,1,NPU,0,CHENAB_NIF,445,100000,BACKPLANE,,,,0,1,-11,51,0,,,55,,,
1,1,NPU,0,CHENAB_NIF,446,100000,BACKPLANE,,,,0,1,-11,51,0,,,55,,,
1,1,NPU,0,CHENAB_NIF,447,100000,BACKPLANE,,,,0,1,-11,51,0,,,55,,,
1,1,NPU,0,CHENAB_NIF,448,100000,BACKPLANE,,,,0,1,-11,51,0,,,55,,,
1,1,NPU,0,CHENAB_NIF,449,100000,BACKPLANE,,,,0,1,-11,51,0,,,55,,,
1,1,NPU,0,CHENAB_NIF,450,100000,BACKPLANE,,,,0,1,-11,51,0,,,55,,,
1,1,NPU,0,CHENAB_NIF,451,100000,BACKPLANE,,,,0,1,-11,51,0,,,55,,,
1,1,NPU,0,CHENAB_NIF,452,100000,BACKPLANE,,,,0,1,-11,51,0,,,55,,,
1,1,NPU,0,CHENAB_NIF,453,100000,BACKPLANE,,,,0,1,-11,51,0,,,55,,,
1,1,NPU,0,CHENAB_NIF,454,100000,BACKPLANE,,,,0,1,-11,51,0,,,55,,,
1,1,NPU,0,CHENAB_NIF,455,100000,BACKPLANE,,,,0,1,-11,51,0,,,55,,,
1,1,NPU,0,CHENAB_NIF,456,100000,BACKPLANE,,,,0,1,-11,51,0,,,55,,,
1,1,NPU,0,CHENAB_NIF,457,100000,BACKPLANE,,,,0,1,-11,51,0,,,55,,,
1,1,NPU,0,CHENAB_NIF,458,100000,BACKPLANE,,,,0,1,-11,51,0,,,55,,,
1,1,NPU,0,CHENAB_NIF,459,100000,BACKPLANE,,,,0,1,-11,51,0,,,55,,,
1,1,NPU,0,CHENAB_NIF,460,100000,BACKPLANE,,,,0,1,-11,51,0,,,55,,,
1,1,NPU,0,CHENAB_NIF,461,100000,BACKPLANE,,,,0,1,-11,51,0,,,55,,,
1,1,NPU,0,CHENAB_NIF,462,100000,BACKPLANE,,,,0,1,-11,51,0,,,55,,,
1,1,NPU,0,CHENAB_NIF,463,100000,BACKPLANE,,,,0,1,-11,51,0,,,55,,,
1,1,NPU,0,CHENAB_NIF,464,100000,BACKPLANE,,,,0,1,-11,51,0,,,55,,,
1,1,NPU,0,CHENAB_NIF,465,100000,BACKPLANE,,,,0,1,-11,51,0,,,55,,,
1,1,NPU,0,CHENAB_NIF,466,100000,BACKPLANE,,,,0,1,-11,51,0,,,55,,,
1,1,NPU,0,CHENAB_NIF,467,100000,BACKPLANE,,,,0,1,-11,51,0,,,55,,,
1,1,NPU,0,CHENAB_NIF,468,100000,BACKPLANE,,,,0,1,-11,51,0,,,55,,,
1,1,NPU,0,CHENAB_NIF,469,100000,BACKPLANE,,,,0,1,-11,51,0,,,55,,,
1,1,NPU,0,CHENAB_NIF,470,100000,BACKPLANE,,,,0,1,-11,51,0,,,55,,,
1,1,NPU,0,CHENAB_NIF,471,100000,BACKPLANE,,,,0,1,-11,51,0,,,55,,,
1,1,NPU,0,CHENAB_NIF,472,100000,BACKPLANE,,,,0,1,-11,51,0,,,55,,,
1,1,NPU,0,CHENAB_NIF,473,100000,BACKPLANE,,,,0,1,-11,51,0,,,55,,,
1,1,NPU,0,CHENAB_NIF,474,100000,BACKPLANE,,,,0,1,-11,51,0,,,55,,,
1,1,NPU,0,CHENAB_NIF,475,100000,BACKPLANE,,,,0,1,-11,51,0,,,55,,,
1,1,NPU,0,CHENAB_NIF,476,100000,BACKPLANE,,,,0,1,-11,51,0,,,55,,,
1,1,NPU,0,CHENAB_NIF,477,100000,BACKPLANE,,,,0,1,-11,51,0,,,55,,,
1,1,NPU,0,CHENAB_NIF,478,100000,BACKPLANE,,,,0,1,-11,51,0,,,55,,,
1,1,NPU,0,CHENAB_NIF,479,100000,BACKPLANE,,,,0,1,-11,51,0,,,55,,,
1,1,NPU,0,CHENAB_NIF,480,100000,BACKPLANE,,,,0,1,-11,51,0,,,55,,,
1,1,NPU,0,CHENAB_NIF,481,100000,BACKPLANE,,,,0,1,-11,51,0,,,55,,,
1,1,NPU,0,CHENAB_NIF,482,100000,BACKPLANE,,,,0,1,-11,51,0,,,55,,,
1,1,NPU,0,CHENAB_NIF,483,100000,BACKPLANE,,,,0,1,-11,51,0,,,55,,,
1,1,NPU,0,CHENAB_NIF,484,100000,BACKPLANE,,,,0,1,-11,51,0,,,55,,,
1,1,NPU,0,CHENAB_NIF,485,100000,BACKPLANE,,,,0,1,-11,51,0,,,55,,,
1,1,NPU,0,CHENAB_NIF,486,100000,BACKPLANE,,,,0,1,-11,51,0,,,55,,,
1,1,NPU,0,CHENAB_NIF,487,100000,BACKPLANE,,,,0,1,-11,51,0,,,55,,,
1,1,NPU,0,CHENAB_NIF,488,100000,BACKPLANE,,,,0,1,-11,51,0,,,55,,,
1,1,NPU,0,CHENAB_NIF,489,100000,BACKPLANE,,,,0,1,-11,51,0,,,55,,,
1,1,NPU,0,CHENAB_NIF,490,100000,BACKPLANE,,,,0,1,-11,51,0,,,55,,,
1,1,NPU,0,CHENAB_NIF,491,100000,BACKPLANE,,,,0,1,-11,51,0,,,55,,,
1,1,NPU,0,CHENAB_NIF,492,100000,BACKPLANE,,,,0,1,-11,51,0,,,55,,,
1,1,NPU,0,CHENAB_NIF,493,100000,BACKPLANE,,,,0,1,-11,51,0,,,55,,,
1,1,NPU,0,CHENAB_NIF,494,100000,BACKPLANE,,,,0,1,-11,51,0,,,55,,,
1,1,NPU,0,CHENAB_NIF,495,100000,BACKPLANE,,,,0,1,-11,51,0,,,55,,,
1,1,NPU,0,CHENAB_NIF,496,100000,BACKPLANE,,,,0,1,-11,51,0,,,55,,,
1,1,NPU,0,CHENAB_NIF,497,100000,BACKPLANE,,,,0,1,-11,51,0,,,55,,,
1,1,NPU,0,CHENAB_NIF,498,100000,BACKPLANE,,,,0,1,-11,51,0,,,55,,,
1,1,NPU,0,CHENAB_NIF,499,100000,BACKPLANE,,,,0,1,-11,51,0,,,55,,,
1,1,NPU,0,CHENAB_NIF,500,100000,BACKPLANE,,,,0,1,-11,51,0,,,55,,,
1,1,NPU,0,CHENAB_NIF,501,100000,BACKPLANE,,,,0,1,-11,51,0,,,55,,,
1,1,NPU,0,CHENAB_NIF,502,100000,BACKPLANE,,,,0,1,-11,51,0,,,55,,,
1,1,NPU,0,CHENAB_NIF,503,100000,BACKPLANE,,,,0,1,-11,51,0,,,55,,,
1,1,NPU,0,CHENAB_NIF,504,100000,BACKPLANE,,,,0,1,-11,51,0,,,55,,,
1,1,NPU,0,CHENAB_NIF,505,100000,BACKPLANE,,,,0,1,-11,51,0,,,55,,,
1,1,NPU,0,CHENAB_NIF,506,100000,BACKPLANE,,,,0,1,-11,51,0,,,55,,,
1,1,NPU,0,CHENAB_NIF,507,100000,BACKPLANE,,,,0,1,-11,51,0,,,55,,,
1,1,NPU,0,CHENAB_NIF,508,100000,BACKPLANE,,,,0,1,-11,51,0,,,55,,,
1,1,NPU,0,CHENAB_NIF,509,100000,BACKPLANE,,,,0,1,-11,51,0,,,55,,,
1,1,NPU,0,CHENAB_NIF,510,100000,BACKPLANE,,,,0,1,-11,51,0,,,55,,,
1,1,NPU,0,CHENAB_NIF,511,100000,BACKPLANE,,,,0,1,-11,51,0,,,55,,,
1,1,NPU,0,CHENAB_NIF,0,50000,BACKPLANE,,,,0,0,-2,51,-10,,,55,,,
1,1,NPU,0,CHENAB_NIF,1,50000,BACKPLANE,,,,0,0,-2,51,-10,,,55,,,
1,1,NPU,0,CHENAB_NIF,2,50000,BACKPLANE,,,,0,0,-2,51,-10,,,55,,,
1,1,NPU,0,CHENAB_NIF,3,50000,BACKPLANE,,,,0,0,-2,51,-10,,,55,,,
1,1,NPU,0,CHENAB_NIF,4,50000,BACKPLANE,,,,0,0,-2,51,-10,,,55,,,
1,1,NPU,0,CHENAB_NIF,5,50000,BACKPLANE,,,,0,0,-2,51,-10,,,55,,,
1,1,NPU,0,CHENAB_NIF,6,50000,BACKPLANE,,,,0,0,-2,51,-10,,,55,,,
1,1,NPU,0,CHENAB_NIF,7,50000,BACKPLANE,,,,0,0,-2,51,-10,,,55,,,
1,1,NPU,0,CHENAB_NIF,8,50000,BACKPLANE,,,,0,0,-2,51,-10,,,55,,,
1,1,NPU,0,CHENAB_NIF,9,50000,BACKPLANE,,,,0,0,-2,51,-10,,,55,,,
1,1,NPU,0,CHENAB_NIF,10,50000,BACKPLANE,,,,0,0,-2,51,-10,,,55,,,
1,1,NPU,0,CHENAB_NIF,11,50000,BACKPLANE,,,,0,0,-2,51,-10,,,55,,,
1,1,NPU,0,CHENAB_NIF,12,50000,BACKPLANE,,,,0,0,-2,51,-10,,,55,,,
1,1,NPU,0,CHENAB_NIF,13,50000,BACKPLANE,,,,0,0,-2,51,-10,,,55,,,
1,1,NPU,0,CHENAB_NIF,14,50000,BACKPLANE,,,,0,0,-2,51,-10,,,55,,,
1,1,NPU,0,CHENAB_NIF,15,50000,BACKPLANE,,,,0,0,-2,51,-10,,,55,,,
1,1,NPU,0,CHENAB_NIF,16,50000,BACKPLANE,,,,0,0,-2,51,-10,,,55,,,
1,1,NPU,0,CHENAB_NIF,17,50000,BACKPLANE,,,,0,0,-2,51,-10,,,55,,,
1,1,NPU,0,CHENAB_NIF,18,50000,BACKPLANE,,,,0,0,-2,51,-10,,,55,,,
1,1,NPU,0,CHENAB_NIF,19,50000,BACKPLANE,,,,0,0,-2,51,-10,,,55,,,
1,1,NPU,0,CHENAB_NIF,20,50000,BACKPLANE,,,,0,0,-2,51,-10,,,55,,,
1,1,NPU,0,CHENAB_NIF,21,50000,BACKPLANE,,,,0,0,-2,51,-10,,,55,,,
1,1,NPU,0,CHENAB_NIF,22,50000,BACKPLANE,,,,0,0,-2,51,-10,,,55,,,
1,1,NPU,0,CHENAB_NIF,23,50000,BACKPLANE,,,,0,0,-2,51,-10,,,55,,,
1,1,NPU,0,CHENAB_NIF,24,50000,BACKPLANE,,,,0,0,-2,51,-10,,,55,,,
1,1,NPU,0,CHENAB_NIF,25,50000,BACKPLANE,,,,0,0,-2,51,-10,,,55,,,
1,1,NPU,0,CHENAB_NIF,26,50000,BACKPLANE,,,,0,0,-2,51,-10,,,55,,,
1,1,NPU,0,CHENAB_NIF,27,50000,BACKPLANE,,,,0,0,-2,51,-10,,,55,,,
1,1,NPU,0,CHENAB_NIF,28,50000,BACKPLANE,,,,0,0,-2,51,-10,,,55,,,
1,1,NPU,0,CHENAB_NIF,29,50000,BACKPLANE,,,,0,0,-2,51,-10,,,55,,,
1,1,NPU,0,CHENAB_NIF,30,50000,BACKPLANE,,,,0,0,-2,51,-10,,,55,,,
1,1,NPU,0,CHENAB_NIF,31,50000,BACKPLANE,,,,0,0,-2,51,-10,,,55,,,
1,1,NPU,0,CHENAB_NIF,32,50000,BACKPLANE,,,,0,0,-2,51,-10,,,55,,,
1,1,NPU,0,CHENAB_NIF,33,50000,BACKPLANE,,,,0,0,-2,51,-10,,,55,,,
1,1,NPU,0,CHENAB_NIF,34,50000,BACKPLANE,,,,0,0,-2,51,-10,,,55,,,
1,1,NPU,0,CHENAB_NIF,35,50000,BACKPLANE,,,,0,0,-2,51,-10,,,55,,,
1,1,NPU,0,CHENAB_NIF,36,50000,BACKPLANE,,,,0,0,-2,51,-10,,,55,,,
1,1,NPU,0,CHENAB_NIF,37,50000,BACKPLANE,,,,0,0,-2,51,-10,,,55,,,
1,1,NPU,0,CHENAB_NIF,38,50000,BACKPLANE,,,,0,0,-2,51,-10,,,55,,,
1,1,NPU,0,CHENAB_NIF,39,50000,BACKPLANE,,,,0,0,-2,51,-10,,,55,,,
1,1,NPU,0,CHENAB_NIF,40,50000,BACKPLANE,,,,0,0,-2,51,-10,,,55,,,
1,1,NPU,0,CHENAB_NIF,41,50000,BACKPLANE,,,,0,0,-2,51,-10,,,55,,,
1,1,NPU,0,CHENAB_NIF,42,50000,BACKPLANE,,,,0,0,-2,51,-10,,,55,,,
1,1,NPU,0,CHENAB_NIF,43,50000,BACKPLANE,,,,0,0,-2,51,-10,,,55,,,
1,1,NPU,0,CHENAB_NIF,44,50000,BACKPLANE,,,,0,0,-2,51,-10,,,55,,,
1,1,NPU,0,CHENAB_NIF,45,50000,BACKPLANE,,,,0,0,-2,51,-10,,,55,,,
1,1,NPU,0,CHENAB_NIF,46,50000,BACKPLANE,,,,0,0,-2,51,-10,,,55,,,
1,1,NPU,0,CHENAB_NIF,47,50000,BACKPLANE,,,,0,0,-2,51,-10,,,55,,,
1,1,NPU,0,CHENAB_NIF,48,50000,BACKPLANE,,,,0,0,-2,51,-10,,,55,,,
1,1,NPU,0,CHENAB_NIF,49,50000,BACKPLANE,,,,0,0,-2,51,-10,,,55,,,
1,1,NPU,0,CHENAB_NIF,50,50000,BACKPLANE,,,,0,0,-2,51,-10,,,55,,,
1,1,NPU,0,CHENAB_NIF,51,50000,BACKPLANE,,,,0,0,-2,51,-10,,,55,,,
1,1,NPU,0,CHENAB_NIF,52,50000,BACKPLANE,,,,0,0,-2,51,-10,,,55,,,
1,1,NPU,0,CHENAB_NIF,53,50000,BACKPLANE,,,,0,0,-2,51,-10,,,55,,,
1,1,NPU,0,CHENAB_NIF,54,50000,BACKPLANE,,,,0,0,-2,51,-10,,,55,,,
1,1,NPU,0,CHENAB_NIF,55,50000,BACKPLANE,,,,0,0,-2,51,-10,,,55,,,
1,1,NPU,0,CHENAB_NIF,56,50000,BACKPLANE,,,,0,0,-2,51,-10,,,55,,,
1,1,NPU,0,CHENAB_NIF,57,50000,BACKPLANE,,,,0,0,-2,51,-10,,,55,,,
1,1,NPU,0,CHENAB_NIF,58,50000,BACKPLANE,,,,0,0,-2,51,-10,,,55,,,
1,1,NPU,0,CHENAB_NIF,59,50000,BACKPLANE,,,,0,0,-2,51,-10,,,55,,,
1,1,NPU,0,CHENAB_NIF,60,50000,BACKPLANE,,,,0,0,-2,51,-10,,,55,,,
1,1,NPU,0,CHENAB_NIF,61,50000,BACKPLANE,,,,0,0,-2,51,-10,,,55,,,
1,1,NPU,0,CHENAB_NIF,62,50000,BACKPLANE,,,,0,0,-2,51,-10,,,55,,,
1,1,NPU,0,CHENAB_NIF,63,50000,BACKPLANE,,,,0,0,-2,51,-10,,,55,,,
1,1,NPU,0,CHENAB_NIF,64,50000,BACKPLANE,,,,0,0,-2,51,-10,,,55,,,
1,1,NPU,0,CHENAB_NIF,65,50000,BACKPLANE,,,,0,0,-2,51,-10,,,55,,,
1,1,NPU,0,CHENAB_NIF,66,50000,BACKPLANE,,,,0,0,-2,51,-10,,,55,,,
1,1,NPU,0,CHENAB_NIF,67,50000,BACKPLANE,,,,0,0,-2,51,-10,,,55,,,
1,1,NPU,0,CHENAB_NIF,68,50000,BACKPLANE,,,,0,0,-2,51,-10,,,55,,,
1,1,NPU,0,CHENAB_NIF,69,50000,BACKPLANE,,,,0,0,-2,51,-10,,,55,,,
1,1,NPU,0,CHENAB_NIF,70,50000,BACKPLANE,,,,0,0,-2,51,-10,,,55,,,
1,1,NPU,0,CHENAB_NIF,71,50000,BACKPLANE,,,,0,0,-2,51,-10,,,55,,,
1,1,NPU,0,CHENAB_NIF,72,50000,BACKPLANE,,,,0,0,-2,51,-10,,,55,,,
1,1,NPU,0,CHENAB_NIF,73,50000,BACKPLANE,,,,0,0,-2,51,-10,,,55,,,
1,1,NPU,0,CHENAB_NIF,74,50000,BACKPLANE,,,,0,0,-2,51,-10,,,55,,,
1,1,NPU,0,CHENAB_NIF,75,50000,BACKPLANE,,,,0,0,-2,51,-10,,,55,,,
1,1,NPU,0,CHENAB_NIF,76,50000,BACKPLANE,,,,0,0,-2,51,-10,,,55,,,
1,1,NPU,0,CHENAB_NIF,77,50000,BACKPLANE,,,,0,0,-2,51,-10,,,55,,,
1,1,NPU,0,CHENAB_NIF,78,50000,BACKPLANE,,,,0,0,-2,51,-10,,,55,,,
1,1,NPU,0,CHENAB_NIF,79,50000,BACKPLANE,,,,0,0,-2,51,-10,,,55,,,
1,1,NPU,0,CHENAB_NIF,80,50000,BACKPLANE,,,,0,0,-2,51,-10,,,55,,,
1,1,NPU,0,CHENAB_NIF,81,50000,BACKPLANE,,,,0,0,-2,51,-10,,,55,,,
1,1,NPU,0,CHENAB_NIF,82,50000,BACKPLANE,,,,0,0,-2,51,-10,,,55,,,
1,1,NPU,0,CHENAB_NIF,83,50000,BACKPLANE,,,,0,0,-2,51,-10,,,55,,,
1,1,NPU,0,CHENAB_NIF,84,50000,BACKPLANE,,,,0,0,-2,51,-10,,,55,,,
1,1,NPU,0,CHENAB_NIF,85,50000,BACKPLANE,,,,0,0,-2,51,-10,,,55,,,
1,1,NPU,0,CHENAB_NIF,86,50000,BACKPLANE,,,,0,0,-2,51,-10,,,55,,,
1,1,NPU,0,CHENAB_NIF,87,50000,BACKPLANE,,,,0,0,-2,51,-10,,,55,,,
1,1,NPU,0,CHENAB_NIF,88,50000,BACKPLANE,,,,0,0,-2,51,-10,,,55,,,
1,1,NPU,0,CHENAB_NIF,89,50000,BACKPLANE,,,,0,0,-2,51,-10,,,55,,,
1,1,NPU,0,CHENAB_NIF,90,50000,BACKPLANE,,,,0,0,-2,51,-10,,,55,,,
1,1,NPU,0,CHENAB_NIF,91,50000,BACKPLANE,,,,0,0,-2,51,-10,,,55,,,
1,1,NPU,0,CHENAB_NIF,92,50000,BACKPLANE,,,,0,0,-2,51,-10,,,55,,,
1,1,NPU,0,CHENAB_NIF,93,50000,BACKPLANE,,,,0,0,-2,51,-10,,,55,,,
1,1,NPU,0,CHENAB_NIF,94,50000,BACKPLANE,,,,0,0,-2,51,-10,,,55,,,
1,1,NPU,0,CHENAB_NIF,95,50000,BACKPLANE,,,,0,0,-2,51,-10,,,55,,,
1,1,NPU,0,CHENAB_NIF,96,50000,BACKPLANE,,,,0,0,-2,51,-10,,,55,,,
1,1,NPU,0,CHENAB_NIF,97,50000,BACKPLANE,,,,0,0,-2,51,-10,,,55,,,
1,1,NPU,0,CHENAB_NIF,98,50000,BACKPLANE,,,,0,0,-2,51,-10,,,55,,,
1,1,NPU,0,CHENAB_NIF,99,50000,BACKPLANE,,,,0,0,-2,51,-10,,,55,,,
1,1,NPU,0,CHENAB_NIF,100,50000,BACKPLANE,,,,0,0,-2,51,-10,,,55,,,
1,1,NPU,0,CHENAB_NIF,101,50000,BACKPLANE,,,,0,0,-2,51,-10,,,55,,,
1,1,NPU,0,CHENAB_NIF,102,50000,BACKPLANE,,,,0,0,-2,51,-10,,,55,,,
1,1,NPU,0,CHENAB_NIF,103,50000,BACKPLANE,,,,0,0,-2,51,-10,,,55,,,
1,1,NPU,0,CHENAB_NIF,104,50000,BACKPLANE,,,,0,0,-2,51,-10,,,55,,,
1,1,NPU,0,CHENAB_NIF,105,50000,BACKPLANE,,,,0,0,-2,51,-10,,,55,,,
1,1,NPU,0,CHENAB_NIF,106,50000,BACKPLANE,,,,0,0,-2,51,-10,,,55,,,
1,1,NPU,0,CHENAB_NIF,107,50000,BACKPLANE,,,,0,0,-2,51,-10,,,55,,,
1,1,NPU,0,CHENAB_NIF,108,50000,BACKPLANE,,,,0,0,-2,51,-10,,,55,,,
1,1,NPU,0,CHENAB_NIF,109,50000,BACKPLANE,,,,0,0,-2,51,-10,,,55,,,
1,1,NPU,0,CHENAB_NIF,110,50000,BACKPLANE,,,,0,0,-2,51,-10,,,55,,,
1,1,NPU,0,CHENAB_NIF,111,50000,BACKPLANE,,,,0,0,-2,51,-10,,,55,,,
1,1,NPU,0,CHENAB_NIF,112,50000,BACKPLANE,,,,0,0,-2,51,-10,,,55,,,
1,1,NPU,0,CHENAB_NIF,113,50000,BACKPLANE,,,,0,0,-2,51,-10,,,55,,,
1,1,NPU,0,CHENAB_NIF,114,50000,BACKPLANE,,,,0,0,-2,51,-10,,,55,,,
1,1,NPU,0,CHENAB_NIF,115,50000,BACKPLANE,,,,0,0,-2,51,-10,,,55,,,
1,1,NPU,0,CHENAB_NIF,116,50000,BACKPLANE,,,,0,0,-2,51,-10,,,55,,,
1,1,NPU,0,CHENAB_NIF,117,50000,BACKPLANE,,,,0,0,-2,51,-10,,,55,,,
1,1,NPU,0,CHENAB_NIF,118,50000,BACKPLANE,,,,0,0,-2,51,-10,,,55,,,
1,1,NPU,0,CHENAB_NIF,119,50000,BACKPLANE,,,,0,0,-2,51,-10,,,55,,,
1,1,NPU,0,CHENAB_NIF,120,50000,BACKPLANE,,,,0,0,-2,51,-10,,,55,,,
1,1,NPU,0,CHENAB_NIF,121,50000,BACKPLANE,,,,0,0,-2,51,-10,,,55,,,
1,1,NPU,0,CHENAB_NIF,122,50000,BACKPLANE,,,,0,0,-2,51,-10,,,55,,,
1,1,NPU,0,CHENAB_NIF,123,50000,BACKPLANE,,,,0,0,-2,51,-10,,,55,,,
1,1,NPU,0,CHENAB_NIF,124,50000,BACKPLANE,,,,0,0,-2,51,-10,,,55,,,
1,1,NPU,0,CHENAB_NIF,125,50000,BACKPLANE,,,,0,0,-2,51,-10,,,55,,,
1,1,NPU,0,CHENAB_NIF,126,50000,BACKPLANE,,,,0,0,-2,51,-10,,,55,,,
1,1,NPU,0,CHENAB_NIF,127,50000,BACKPLANE,,,,0,0,-2,51,-10,,,55,,,
1,1,NPU,0,CHENAB_NIF,128,50000,BACKPLANE,,,,0,0,-2,54,-7,,,55,,,
1,1,NPU,0,CHENAB_NIF,129,50000,BACKPLANE,,,,0,0,-2,54,-7,,,55,,,
1,1,NPU,0,CHENAB_NIF,130,50000,BACKPLANE,,,,0,0,-2,54,-7,,,55,,,
1,1,NPU,0,CHENAB_NIF,131,50000,BACKPLANE,,,,0,0,-2,54,-7,,,55,,,
1,1,NPU,0,CHENAB_NIF,132,50000,BACKPLANE,,,,0,0,-2,54,-7,,,55,,,
1,1,NPU,0,CHENAB_NIF,133,50000,BACKPLANE,,,,0,0,-2,54,-7,,,55,,,
1,1,NPU,0,CHENAB_NIF,134,50000,BACKPLANE,,,,0,0,-2,54,-7,,,55,,,
1,1,NPU,0,CHENAB_NIF,135,50000,BACKPLANE,,,,0,0,-2,54,-7,,,55,,,
1,1,NPU,0,CHENAB_NIF,136,50000,BACKPLANE,,,,0,0,-2,54,-7,,,55,,,
1,1,NPU,0,CHENAB_NIF,137,50000,BACKPLANE,,,,0,0,-2,54,-7,,,55,,,
1,1,NPU,0,CHENAB_NIF,138,50000,BACKPLANE,,,,0,0,-2,54,-7,,,55,,,
1,1,NPU,0,CHENAB_NIF,139,50000,BACKPLANE,,,,0,0,-2,54,-7,,,55,,,
1,1,NPU,0,CHENAB_NIF,140,50000,BACKPLANE,,,,0,0,-2,54,-7,,,55,,,
1,1,NPU,0,CHENAB_NIF,141,50000,BACKPLANE,,,,0,0,-2,54,-7,,,55,,,
1,1,NPU,0,CHENAB_NIF,142,50000,BACKPLANE,,,,0,0,-2,54,-7,,,55,,,
1,1,NPU,0,CHENAB_NIF,143,50000,BACKPLANE,,,,0,0,-2,54,-7,,,55,,,
1,1,NPU,0,CHENAB_NIF,144,50000,BACKPLANE,,,,0,0,-2,54,-7,,,55,,,
1,1,NPU,0,CHENAB_NIF,145,50000,BACKPLANE,,,,0,0,-2,54,-7,,,55,,,
1,1,NPU,0,CHENAB_NIF,146,50000,BACKPLANE,,,,0,0,-2,54,-7,,,55,,,
1,1,NPU,0,CHENAB_NIF,147,50000,BACKPLANE,,,,0,0,-2,54,-7,,,55,,,
1,1,NPU,0,CHENAB_NIF,148,50000,BACKPLANE,,,,0,0,-2,54,-7,,,55,,,
1,1,NPU,0,CHENAB_NIF,149,50000,BACKPLANE,,,,0,0,-2,54,-7,,,55,,,
1,1,NPU,0,CHENAB_NIF,150,50000,BACKPLANE,,,,0,0,-2,54,-7,,,55,,,
1,1,NPU,0,CHENAB_NIF,151,50000,BACKPLANE,,,,0,0,-2,54,-7,,,55,,,
1,1,NPU,0,CHENAB_NIF,152,50000,BACKPLANE,,,,0,0,-2,54,-7,,,55,,,
1,1,NPU,0,CHENAB_NIF,153,50000,BACKPLANE,,,,0,0,-2,54,-7,,,55,,,
1,1,NPU,0,CHENAB_NIF,154,50000,BACKPLANE,,,,0,0,-2,54,-7,,,55,,,
1,1,NPU,0,CHENAB_NIF,155,50000,BACKPLANE,,,,0,0,-2,54,-7,,,55,,,
1,1,NPU,0,CHENAB_NIF,156,50000,BACKPLANE,,,,0,0,-2,54,-7,,,55,,,
1,1,NPU,0,CHENAB_NIF,157,50000,BACKPLANE,,,,0,0,-2,54,-7,,,55,,,
1,1,NPU,0,CHENAB_NIF,158,50000,BACKPLANE,,,,0,0,-2,54,-7,,,55,,,
1,1,NPU,0,CHENAB_NIF,159,50000,BACKPLANE,,,,0,0,-2,54,-7,,,55,,,
1,1,NPU,0,CHENAB_NIF,160,50000,BACKPLANE,,,,0,0,-2,54,-7,,,55,,,
1,1,NPU,0,CHENAB_NIF,161,50000,BACKPLANE,,,,0,0,-2,54,-7,,,55,,,
1,1,NPU,0,CHENAB_NIF,162,50000,BACKPLANE,,,,0,0,-2,54,-7,,,55,,,
1,1,NPU,0,CHENAB_NIF,163,50000,BACKPLANE,,,,0,0,-2,54,-7,,,55,,,
1,1,NPU,0,CHENAB_NIF,164,50000,BACKPLANE,,,,0,0,-2,54,-7,,,55,,,
1,1,NPU,0,CHENAB_NIF,165,50000,BACKPLANE,,,,0,0,-2,54,-7,,,55,,,
1,1,NPU,0,CHENAB_NIF,166,50000,BACKPLANE,,,,0,0,-2,54,-7,,,55,,,
1,1,NPU,0,CHENAB_NIF,167,50000,BACKPLANE,,,,0,0,-2,54,-7,,,55,,,
1,1,NPU,0,CHENAB_NIF,168,50000,BACKPLANE,,,,0,0,-2,54,-7,,,55,,,
1,1,NPU,0,CHENAB_NIF,169,50000,BACKPLANE,,,,0,0,-2,54,-7,,,55,,,
1,1,NPU,0,CHENAB_NIF,170,50000,BACKPLANE,,,,0,0,-2,54,-7,,,55,,,
1,1,NPU,0,CHENAB_NIF,171,50000,BACKPLANE,,,,0,0,-2,54,-7,,,55,,,
1,1,NPU,0,CHENAB_NIF,172,50000,BACKPLANE,,,,0,0,-2,54,-7,,,55,,,
1,1,NPU,0,CHENAB_NIF,173,50000,BACKPLANE,,,,0,0,-2,54,-7,,,55,,,
1,1,NPU,0,CHENAB_NIF,174,50000,BACKPLANE,,,,0,0,-2,54,-7,,,55,,,
1,1,NPU,0,CHENAB_NIF,175,50000,BACKPLANE,,,,0,0,-2,54,-7,,,55,,,
1,1,NPU,0,CHENAB_NIF,176,50000,BACKPLANE,,,,0,0,-2,54,-7,,,55,,,
1,1,NPU,0,CHENAB_NIF,177,50000,BACKPLANE,,,,0,0,-2,54,-7,,,55,,,
1,1,NPU,0,CHENAB_NIF,178,50000,BACKPLANE,,,,0,0,-2,54,-7,,,55,,,
1,1,NPU,0,CHENAB_NIF,179,50000,BACKPLANE,,,,0,0,-2,54,-7,,,55,,,
1,1,NPU,0,CHENAB_NIF,180,50000,BACKPLANE,,,,0,0,-2,54,-7,,,55,,,
1,1,NPU,0,CHENAB_NIF,181,50000,BACKPLANE,,,,0,0,-2,54,-7,,,55,,,
1,1,NPU,0,CHENAB_NIF,182,50000,BACKPLANE,,,,0,0,-2,54,-7,,,55,,,
1,1,NPU,0,CHENAB_NIF,183,50000,BACKPLANE,,,,0,0,-2,54,-7,,,55,,,
1,1,NPU,0,CHENAB_NIF,184,50000,BACKPLANE,,,,0,0,-2,54,-7,,,55,,,
1,1,NPU,0,CHENAB_NIF,185,50000,BACKPLANE,,,,0,0,-2,54,-7,,,55,,,
1,1,NPU,0,CHENAB_NIF,186,50000,BACKPLANE,,,,0,0,-2,54,-7,,,55,,,
1,1,NPU,0,CHENAB_NIF,187,50000,BACKPLANE,,,,0,0,-2,54,-7,,,55,,,
1,1,NPU,0,CHENAB_NIF,188,50000,BACKPLANE,,,,0,0,-2,54,-7,,,55,,,
1,1,NPU,0,CHENAB_NIF,189,50000,BACKPLANE,,,,0,0,-2,54,-7,,,55,,,
1,1,NPU,0,CHENAB_NIF,190,50000,BACKPLANE,,,,0,0,-2,54,-7,,,55,,,
1,1,NPU,0,CHENAB_NIF,191,50000,BACKPLANE,,,,0,0,-2,54,-7,,,55,,,
1,1,NPU,0,CHENAB_NIF,192,50000,BACKPLANE,,,,0,0,-2,54,-7,,,55,,,
1,1,NPU,0,CHENAB_NIF,193,50000,BACKPLANE,,,,0,0,-2,54,-7,,,55,,,
1,1,NPU,0,CHENAB_NIF,194,50000,BACKPLANE,,,,0,0,-2,54,-7,,,55,,,
1,1,NPU,0,CHENAB_NIF,195,50000,BACKPLANE,,,,0,0,-2,54,-7,,,55,,,
1,1,NPU,0,CHENAB_NIF,196,50000,BACKPLANE,,,,0,0,-2,54,-7,,,55,,,
1,1,NPU,0,CHENAB_NIF,197,50000,BACKPLANE,,,,0,0,-2,54,-7,,,55,,,
1,1,NPU,0,CHENAB_NIF,198,50000,BACKPLANE,,,,0,0,-2,54,-7,,,55,,,
1,1,NPU,0,CHENAB_NIF,199,50000,BACKPLANE,,,,0,0,-2,54,-7,,,55,,,
1,1,NPU,0,CHENAB_NIF,200,50000,BACKPLANE,,,,0,0,-2,54,-7,,,55,,,
1,1,NPU,0,CHENAB_NIF,201,50000,BACKPLANE,,,,0,0,-2,54,-7,,,55,,,
1,1,NPU,0,CHENAB_NIF,202,50000,BACKPLANE,,,,0,0,-2,54,-7,,,55,,,
1,1,NPU,0,CHENAB_NIF,203,50000,BACKPLANE,,,,0,0,-2,54,-7,,,55,,,
1,1,NPU,0,CHENAB_NIF,204,50000,BACKPLANE,,,,0,0,-2,54,-7,,,55,,,
1,1,NPU,0,CHENAB_NIF,205,50000,BACKPLANE,,,,0,0,-2,54,-7,,,55,,,
1,1,NPU,0,CHENAB_NIF,206,50000,BACKPLANE,,,,0,0,-2,54,-7,,,55,,,
1,1,NPU,0,CHENAB_NIF,207,50000,BACKPLANE,,,,0,0,-2,54,-7,,,55,,,
1,1,NPU,0,CHENAB_NIF,208,50000,BACKPLANE,,,,0,0,-2,54,-7,,,55,,,
1,1,NPU,0,CHENAB_NIF,209,50000,BACKPLANE,,,,0,0,-2,54,-7,,,55,,,
1,1,NPU,0,CHENAB_NIF,210,50000,BACKPLANE,,,,0,0,-2,54,-7,,,55,,,
1,1,NPU,0,CHENAB_NIF,211,50000,BACKPLANE,,,,0,0,-2,54,-7,,,55,,,
1,1,NPU,0,CHENAB_NIF,212,50000,BACKPLANE,,,,0,0,-2,54,-7,,,55,,,
1,1,NPU,0,CHENAB_NIF,213,50000,BACKPLANE,,,,0,0,-2,54,-7,,,55,,,
1,1,NPU,0,CHENAB_NIF,214,50000,BACKPLANE,,,,0,0,-2,54,-7,,,55,,,
1,1,NPU,0,CHENAB_NIF,215,50000,BACKPLANE,,,,0,0,-2,54,-7,,,55,,,
1,1,NPU,0,CHENAB_NIF,216,50000,BACKPLANE,,,,0,0,-2,54,-7,,,55,,,
1,1,NPU,0,CHENAB_NIF,217,50000,BACKPLANE,,,,0,0,-2,54,-7,,,55,,,
1,1,NPU,0,CHENAB_NIF,218,50000,BACKPLANE,,,,0,0,-2,54,-7,,,55,,,
1,1,NPU,0,CHENAB_NIF,219,50000,BACKPLANE,,,,0,0,-2,54,-7,,,55,,,
1,1,NPU,0,CHENAB_NIF,220,50000,BACKPLANE,,,,0,0,-2,54,-7,,,55,,,
1,1,NPU,0,CHENAB_NIF,221,50000,BACKPLANE,,,,0,0,-2,54,-7,,,55,,,
1,1,NPU,0,CHENAB_NIF,222,50000,BACKPLANE,,,,0,0,-2,54,-7,,,55,,,
1,1,NPU,0,CHENAB_NIF,223,50000,BACKPLANE,,,,0,0,-2,54,-7,,,55,,,
1,1,NPU,0,CHENAB_NIF,224,50000,BACKPLANE,,,,0,0,-2,54,-7,,,55,,,
1,1,NPU,0,CHENAB_NIF,225,50000,BACKPLANE,,,,0,0,-2,54,-7,,,55,,,
1,1,NPU,0,CHENAB_NIF,226,50000,BACKPLANE,,,,0,0,-2,54,-7,,,55,,,
1,1,NPU,0,CHENAB_NIF,227,50000,BACKPLANE,,,,0,0,-2,54,-7,,,55,,,
1,1,NPU,0,CHENAB_NIF,228,50000,BACKPLANE,,,,0,0,-2,54,-7,,,55,,,
1,1,NPU,0,CHENAB_NIF,229,50000,BACKPLANE,,,,0,0,-2,54,-7,,,55,,,
1,1,NPU,0,CHENAB_NIF,230,50000,BACKPLANE,,,,0,0,-2,54,-7,,,55,,,
1,1,NPU,0,CHENAB_NIF,231,50000,BACKPLANE,,,,0,0,-2,54,-7,,,55,,,
1,1,NPU,0,CHENAB_NIF,232,50000,BACKPLANE,,,,0,0,-2,54,-7,,,55,,,
1,1,NPU,0,CHENAB_NIF,233,50000,BACKPLANE,,,,0,0,-2,54,-7,,,55,,,
1,1,NPU,0,CHENAB_NIF,234,50000,BACKPLANE,,,,0,0,-2,54,-7,,,55,,,
1,1,NPU,0,CHENAB_NIF,235,50000,BACKPLANE,,,,0,0,-2,54,-7,,,55,,,
1,1,NPU,0,CHENAB_NIF,236,50000,BACKPLANE,,,,0,0,-2,54,-7,,,55,,,
1,1,NPU,0,CHENAB_NIF,237,50000,BACKPLANE,,,,0,0,-2,54,-7,,,55,,,
1,1,NPU,0,CHENAB_NIF,238,50000,BACKPLANE,,,,0,0,-2,54,-7,,,55,,,
1,1,NPU,0,CHENAB_NIF,239,50000,BACKPLANE,,,,0,0,-2,54,-7,,,55,,,
1,1,NPU,0,CHENAB_NIF,240,50000,BACKPLANE,,,,0,0,-2,54,-7,,,55,,,
1,1,NPU,0,CHENAB_NIF,241,50000,BACKPLANE,,,,0,0,-2,54,-7,,,55,,,
1,1,NPU,0,CHENAB_NIF,242,50000,BACKPLANE,,,,0,0,-2,54,-7,,,55,,,
1,1,NPU,0,CHENAB_NIF,243,50000,BACKPLANE,,,,0,0,-2,54,-7,,,55,,,
1,1,NPU,0,CHENAB_NIF,244,50000,BACKPLANE,,,,0,0,-2,54,-7,,,55,,,
1,1,NPU,0,CHENAB_NIF,245,50000,BACKPLANE,,,,0,0,-2,54,-7,,,55,,,
1,1,NPU,0,CHENAB_NIF,246,50000,BACKPLANE,,,,0,0,-2,54,-7,,,55,,,
1,1,NPU,0,CHENAB_NIF,247,50000,BACKPLANE,,,,0,0,-2,54,-7,,,55,,,
1,1,NPU,0,CHENAB_NIF,248,50000,BACKPLANE,,,,0,0,-2,54,-7,,,55,,,
1,1,NPU,0,CHENAB_NIF,249,50000,BACKPLANE,,,,0,0,-2,54,-7,,,55,,,
1,1,NPU,0,CHENAB_NIF,250,50000,BACKPLANE,,,,0,0,-2,54,-7,,,55,,,
1,1,NPU,0,CHENAB_NIF,251,50000,BACKPLANE,,,,0,0,-2,54,-7,,,55,,,
1,1,NPU,0,CHENAB_NIF,252,50000,BACKPLANE,,,,0,0,-2,54,-7,,,55,,,
1,1,NPU,0,CHENAB_NIF,253,50000,BACKPLANE,,,,0,0,-2,54,-7,,,55,,,
1,1,NPU,0,CHENAB_NIF,254,50000,BACKPLANE,,,,0,0,-2,54,-7,,,55,,,
1,1,NPU,0,CHENAB_NIF,255,50000,BACKPLANE,,,,0,0,-2,54,-7,,,55,,,
1,1,NPU,0,CHENAB_NIF,256,50000,BACKPLANE,,,,0,0,-2,54,-7,,,55,,,
1,1,NPU,0,CHENAB_NIF,257,50000,BACKPLANE,,,,0,0,-2,54,-7,,,55,,,
1,1,NPU,0,CHENAB_NIF,258,50000,BACKPLANE,,,,0,0,-2,54,-7,,,55,,,
1,1,NPU,0,CHENAB_NIF,259,50000,BACKPLANE,,,,0,0,-2,54,-7,,,55,,,
1,1,NPU,0,CHENAB_NIF,260,50000,BACKPLANE,,,,0,0,-2,54,-7,,,55,,,
1,1,NPU,0,CHENAB_NIF,261,50000,BACKPLANE,,,,0,0,-2,54,-7,,,55,,,
1,1,NPU,0,CHENAB_NIF,262,50000,BACKPLANE,,,,0,0,-2,54,-7,,,55,,,
1,1,NPU,0,CHENAB_NIF,263,50000,BACKPLANE,,,,0,0,-2,54,-7,,,55,,,
1,1,NPU,0,CHENAB_NIF,264,50000,BACKPLANE,,,,0,0,-2,54,-7,,,55,,,
1,1,NPU,0,CHENAB_NIF,265,50000,BACKPLANE,,,,0,0,-2,54,-7,,,55,,,
1,1,NPU,0,CHENAB_NIF,266,50000,BACKPLANE,,,,0,0,-2,54,-7,,,55,,,
1,1,NPU,0,CHENAB_NIF,267,50000,BACKPLANE,,,,0,0,-2,54,-7,,,55,,,
1,1,NPU,0,CHENAB_NIF,268,50000,BACKPLANE,,,,0,0,-2,54,-7,,,55,,,
1,1,NPU,0,CHENAB_NIF,269,50000,BACKPLANE,,,,0,0,-2,54,-7,,,55,,,
1,1,NPU,0,CHENAB_NIF,270,50000,BACKPLANE,,,,0,0,-2,54,-7,,,55,,,
1,1,NPU,0,CHENAB_NIF,271,50000,BACKPLANE,,,,0,0,-2,54,-7,,,55,,,
1,1,NPU,0,CHENAB_NIF,272,50000,BACKPLANE,,,,0,0,-2,54,-7,,,55,,,
1,1,NPU,0,CHENAB_NIF,273,50000,BACKPLANE,,,,0,0,-2,54,-7,,,55,,,
1,1,NPU,0,CHENAB_NIF,274,50000,BACKPLANE,,,,0,0,-2,54,-7,,,55,,,
1,1,NPU,0,CHENAB_NIF,275,50000,BACKPLANE,,,,0,0,-2,54,-7,,,55,,,
1,1,NPU,0,CHENAB_NIF,276,50000,BACKPLANE,,,,0,0,-2,54,-7,,,55,,,
1,1,NPU,0,CHENAB_NIF,277,50000,BACKPLANE,,,,0,0,-2,54,-7,,,55,,,
1,1,NPU,0,CHENAB_NIF,278,50000,BACKPLANE,,,,0,0,-2,54,-7,,,55,,,
1,1,NPU,0,CHENAB_NIF,279,50000,BACKPLANE,,,,0,0,-2,54,-7,,,55,,,
1,1,NPU,0,CHENAB_NIF,280,50000,BACKPLANE,,,,0,0,-2,54,-7,,,55,,,
1,1,NPU,0,CHENAB_NIF,281,50000,BACKPLANE,,,,0,0,-2,54,-7,,,55,,,
1,1,NPU,0,CHENAB_NIF,282,50000,BACKPLANE,,,,0,0,-2,54,-7,,,55,,,
1,1,NPU,0,CHENAB_NIF,283,50000,BACKPLANE,,,,0,0,-2,54,-7,,,55,,,
1,1,NPU,0,CHENAB_NIF,284,50000,BACKPLANE,,,,0,0,-2,54,-7,,,55,,,
1,1,NPU,0,CHENAB_NIF,285,50000,BACKPLANE,,,,0,0,-2,54,-7,,,55,,,
1,1,NPU,0,CHENAB_NIF,286,50000,BACKPLANE,,,,0,0,-2,54,-7,,,55,,,
1,1,NPU,0,CHENAB_NIF,287,50000,BACKPLANE,,,,0,0,-2,54,-7,,,55,,,
1,1,NPU,0,CHENAB_NIF,288,50000,BACKPLANE,,,,0,0,-2,54,-7,,,55,,,
1,1,NPU,0,CHENAB_NIF,289,50000,BACKPLANE,,,,0,0,-2,54,-7,,,55,,,
1,1,NPU,0,CHENAB_NIF,290,50000,BACKPLANE,,,,0,0,-2,54,-7,,,55,,,
1,1,NPU,0,CHENAB_NIF,291,50000,BACKPLANE,,,,0,0,-2,54,-7,,,55,,,
1,1,NPU,0,CHENAB_NIF,292,50000,BACKPLANE,,,,0,0,-2,54,-7,,,55,,,
1,1,NPU,0,CHENAB_NIF,293,50000,BACKPLANE,,,,0,0,-2,54,-7,,,55,,,
1,1,NPU,0,CHENAB_NIF,294,50000,BACKPLANE,,,,0,0,-2,54,-7,,,55,,,
1,1,NPU,0,CHENAB_NIF,295,50000,BACKPLANE,,,,0,0,-2,54,-7,,,55,,,
1,1,NPU,0,CHENAB_NIF,296,50000,BACKPLANE,,,,0,0,-2,54,-7,,,55,,,
1,1,NPU,0,CHENAB_NIF,297,50000,BACKPLANE,,,,0,0,-2,54,-7,,,55,,,
1,1,NPU,0,CHENAB_NIF,298,50000,BACKPLANE,,,,0,0,-2,54,-7,,,55,,,
1,1,NPU,0,CHENAB_NIF,299,50000,BACKPLANE,,,,0,0,-2,54,-7,,,55,,,
1,1,NPU,0,CHENAB_NIF,300,50000,BACKPLANE,,,,0,0,-2,54,-7,,,55,,,
1,1,NPU,0,CHENAB_NIF,301,50000,BACKPLANE,,,,0,0,-2,54,-7,,,55,,,
1,1,NPU,0,CHENAB_NIF,302,50000,BACKPLANE,,,,0,0,-2,54,-7,,,55,,,
1,1,NPU,0,CHENAB_NIF,303,50000,BACKPLANE,,,,0,0,-2,54,-7,,,55,,,
1,1,NPU,0,CHENAB_NIF,304,50000,BACKPLANE,,,,0,0,-2,54,-7,,,55,,,
1,1,NPU,0,CHENAB_NIF,305,50000,BACKPLANE,,,,0,0,-2,54,-7,,,55,,,
1,1,NPU,0,CHENAB_NIF,306,50000,BACKPLANE,,,,0,0,-2,54,-7,,,55,,,
1,1,NPU,0,CHENAB_NIF,307,50000,BACKPLANE,,,,0,0,-2,54,-7,,,55,,,
1,1,NPU,0,CHENAB_NIF,308,50000,BACKPLANE,,,,0,0,-2,54,-7,,,55,,,
1,1,NPU,0,CHENAB_NIF,309,50000,BACKPLANE,,,,0,0,-2,54,-7,,,55,,,
1,1,NPU,0,CHENAB_NIF,310,50000,BACKPLANE,,,,0,0,-2,54,-7,,,55,,,
1,1,NPU,0,CHENAB_NIF,311,50000,BACKPLANE,,,,0,0,-2,54,-7,,,55,,,
1,1,NPU,0,CHENAB_NIF,312,50000,BACKPLANE,,,,0,0,-2,54,-7,,,55,,,
1,1,NPU,0,CHENAB_NIF,313,50000,BACKPLANE,,,,0,0,-2,54,-7,,,55,,,
1,1,NPU,0,CHENAB_NIF,314,50000,BACKPLANE,,,,0,0,-2,54,-7,,,55,,,
1,1,NPU,0,CHENAB_NIF,315,50000,BACKPLANE,,,,0,0,-2,54,-7,,,55,,,
1,1,NPU,0,CHENAB_NIF,316,50000,BACKPLANE,,,,0,0,-2,54,-7,,,55,,,
1,1,NPU,0,CHENAB_NIF,317,50000,BACKPLANE,,,,0,0,-2,54,-7,,,55,,,
1,1,NPU,0,CHENAB_NIF,318,50000,BACKPLANE,,,,0,0,-2,54,-7,,,55,,,
1,1,NPU,0,CHENAB_NIF,319,50000,BACKPLANE,,,,0,0,-2,54,-7,,,55,,,
1,1,NPU,0,CHENAB_NIF,320,50000,BACKPLANE,,,,0,0,-2,54,-7,,,55,,,
1,1,NPU,0,CHENAB_NIF,321,50000,BACKPLANE,,,,0,0,-2,54,-7,,,55,,,
1,1,NPU,0,CHENAB_NIF,322,50000,BACKPLANE,,,,0,0,-2,54,-7,,,55,,,
1,1,NPU,0,CHENAB_NIF,323,50000,BACKPLANE,,,,0,0,-2,54,-7,,,55,,,
1,1,NPU,0,CHENAB_NIF,324,50000,BACKPLANE,,,,0,0,-2,54,-7,,,55,,,
1,1,NPU,0,CHENAB_NIF,325,50000,BACKPLANE,,,,0,0,-2,54,-7,,,55,,,
1,1,NPU,0,CHENAB_NIF,326,50000,BACKPLANE,,,,0,0,-2,54,-7,,,55,,,
1,1,NPU,0,CHENAB_NIF,327,50000,BACKPLANE,,,,0,0,-2,54,-7,,,55,,,
1,1,NPU,0,CHENAB_NIF,328,50000,BACKPLANE,,,,0,0,-2,54,-7,,,55,,,
1,1,NPU,0,CHENAB_NIF,329,50000,BACKPLANE,,,,0,0,-2,54,-7,,,55,,,
1,1,NPU,0,CHENAB_NIF,330,50000,BACKPLANE,,,,0,0,-2,54,-7,,,55,,,
1,1,NPU,0,CHENAB_NIF,331,50000,BACKPLANE,,,,0,0,-2,54,-7,,,55,,,
1,1,NPU,0,CHENAB_NIF,332,50000,BACKPLANE,,,,0,0,-2,54,-7,,,55,,,
1,1,NPU,0,CHENAB_NIF,333,50000,BACKPLANE,,,,0,0,-2,54,-7,,,55,,,
1,1,NPU,0,CHENAB_NIF,334,50000,BACKPLANE,,,,0,0,-2,54,-7,,,55,,,
1,1,NPU,0,CHENAB_NIF,335,50000,BACKPLANE,,,,0,0,-2,54,-7,,,55,,,
1,1,NPU,0,CHENAB_NIF,336,50000,BACKPLANE,,,,0,0,-2,54,-7,,,55,,,
1,1,NPU,0,CHENAB_NIF,337,50000,BACKPLANE,,,,0,0,-2,54,-7,,,55,,,
1,1,NPU,0,CHENAB_NIF,338,50000,BACKPLANE,,,,0,0,-2,54,-7,,,55,,,
1,1,NPU,0,CHENAB_NIF,339,50000,BACKPLANE,,,,0,0,-2,54,-7,,,55,,,
1,1,NPU,0,CHENAB_NIF,340,50000,BACKPLANE,,,,0,0,-2,54,-7,,,55,,,
1,1,NPU,0,CHENAB_NIF,341,50000,BACKPLANE,,,,0,0,-2,54,-7,,,55,,,
1,1,NPU,0,CHENAB_NIF,342,50000,BACKPLANE,,,,0,0,-2,54,-7,,,55,,,
1,1,NPU,0,CHENAB_NIF,343,50000,BACKPLANE,,,,0,0,-2,54,-7,,,55,,,
1,1,NPU,0,CHENAB_NIF,344,50000,BACKPLANE,,,,0,0,-2,54,-7,,,55,,,
1,1,NPU,0,CHENAB_NIF,345,50000,BACKPLANE,,,,0,0,-2,54,-7,,,55,,,
1,1,NPU,0,CHENAB_NIF,346,50000,BACKPLANE,,,,0,0,-2,54,-7,,,55,,,
1,1,NPU,0,CHENAB_NIF,347,50000,BACKPLANE,,,,0,0,-2,54,-7,,,55,,,
1,1,NPU,0,CHENAB_NIF,348,50000,BACKPLANE,,,,0,0,-2,54,-7,,,55,,,
1,1,NPU,0,CHENAB_NIF,349,50000,BACKPLANE,,,,0,0,-2,54,-7,,,55,,,
1,1,NPU,0,CHENAB_NIF,350,50000,BACKPLANE,,,,0,0,-2,54,-7,,,55,,,
1,1,NPU,0,CHENAB_NIF,351,50000,BACKPLANE,,,,0,0,-2,54,-7,,,55,,,
1,1,NPU,0,CHENAB_NIF,352,50000,BACKPLANE,,,,0,0,-2,54,-7,,,55,,,
1,1,NPU,0,CHENAB_NIF,353,50000,BACKPLANE,,,,0,0,-2,54,-7,,,55,,,
1,1,NPU,0,CHENAB_NIF,354,50000,BACKPLANE,,,,0,0,-2,54,-7,,,55,,,
1,1,NPU,0,CHENAB_NIF,355,50000,BACKPLANE,,,,0,0,-2,54,-7,,,55,,,
1,1,NPU,0,CHENAB_NIF,356,50000,BACKPLANE,,,,0,0,-2,54,-7,,,55,,,
1,1,NPU,0,CHENAB_NIF,357,50000,BACKPLANE,,,,0,0,-2,54,-7,,,55,,,
1,1,NPU,0,CHENAB_NIF,358,50000,BACKPLANE,,,,0,0,-2,54,-7,,,55,,,
1,1,NPU,0,CHENAB_NIF,359,50000,BACKPLANE,,,,0,0,-2,54,-7,,,55,,,
1,1,NPU,0,CHENAB_NIF,360,50000,BACKPLANE,,,,0,0,-2,54,-7,,,55,,,
1,1,NPU,0,CHENAB_NIF,361,50000,BACKPLANE,,,,0,0,-2,54,-7,,,55,,,
1,1,NPU,0,CHENAB_NIF,362,50000,BACKPLANE,,,,0,0,-2,54,-7,,,55,,,
1,1,NPU,0,CHENAB_NIF,363,50000,BACKPLANE,,,,0,0,-2,54,-7,,,55,,,
1,1,NPU,0,CHENAB_NIF,364,50000,BACKPLANE,,,,0,0,-2,54,-7,,,55,,,
1,1,NPU,0,CHENAB_NIF,365,50000,BACKPLANE,,,,0,0,-2,54,-7,,,55,,,
1,1,NPU,0,CHENAB_NIF,366,50000,BACKPLANE,,,,0,0,-2,54,-7,,,55,,,
1,1,NPU,0,CHENAB_NIF,367,50000,BACKPLANE,,,,0,0,-2,54,-7,,,55,,,
1,1,NPU,0,CHENAB_NIF,368,50000,BACKPLANE,,,,0,0,-2,54,-7,,,55,,,
1,1,NPU,0,CHENAB_NIF,369,50000,BACKPLANE,,,,0,0,-2,54,-7,,,55,,,
1,1,NPU,0,CHENAB_NIF,370,50000,BACKPLANE,,,,0,0,-2,54,-7,,,55,,,
1,1,NPU,0,CHENAB_NIF,371,50000,BACKPLANE,,,,0,0,-2,54,-7,,,55,,,
1,1,NPU,0,CHENAB_NIF,372,50000,BACKPLANE,,,,0,0,-2,54,-7,,,55,,,
1,1,NPU,0,CHENAB_NIF,373,50000,BACKPLANE,,,,0,0,-2,54,-7,,,55,,,
1,1,NPU,0,CHENAB_NIF,374,50000,BACKPLANE,,,,0,0,-2,54,-7,,,55,,,
1,1,NPU,0,CHENAB_NIF,375,50000,BACKPLANE,,,,0,0,-2,54,-7,,,55,,,
1,1,NPU,0,CHENAB_NIF,376,50000,BACKPLANE,,,,0,0,-2,54,-7,,,55,,,
1,1,NPU,0,CHENAB_NIF,377,50000,BACKPLANE,,,,0,0,-2,54,-7,,,55,,,
1,1,NPU,0,CHENAB_NIF,378,50000,BACKPLANE,,,,0,0,-2,54,-7,,,55,,,
1,1,NPU,0,CHENAB_NIF,379,50000,BACKPLANE,,,,0,0,-2,54,-7,,,55,,,
1,1,NPU,0,CHENAB_NIF,380,50000,BACKPLANE,,,,0,0,-2,54,-7,,,55,,,
1,1,NPU,0,CHENAB_NIF,381,50000,BACKPLANE,,,,0,0,-2,54,-7,,,55,,,
1,1,NPU,0,CHENAB_NIF,382,50000,BACKPLANE,,,,0,0,-2,54,-7,,,55,,,
1,1,NPU,0,CHENAB_NIF,383,50000,BACKPLANE,,,,0,0,-2,54,-7,,,55,,,
1,1,NPU,0,CHENAB_NIF,384,50000,BACKPLANE,,,,0,0,-2,51,-10,,,55,,,
1,1,NPU,0,CHENAB_NIF,385,50000,BACKPLANE,,,,0,0,-2,51,-10,,,55,,,
1,1,NPU,0,CHENAB_NIF,386,50000,BACKPLANE,,,,0,0,-2,51,-10,,,55,,,
1,1,NPU,0,CHENAB_NIF,387,50000,BACKPLANE,,,,0,0,-2,51,-10,,,55,,,
1,1,NPU,0,CHENAB_NIF,388,50000,BACKPLANE,,,,0,0,-2,51,-10,,,55,,,
1,1,NPU,0,CHENAB_NIF,389,50000,BACKPLANE,,,,0,0,-2,51,-10,,,55,,,
1,1,NPU,0,CHENAB_NIF,390,50000,BACKPLANE,,,,0,0,-2,51,-10,,,55,,,
1,1,NPU,0,CHENAB_NIF,391,50000,BACKPLANE,,,,0,0,-2,51,-10,,,55,,,
1,1,NPU,0,CHENAB_NIF,392,50000,BACKPLANE,,,,0,0,-2,51,-10,,,55,,,
1,1,NPU,0,CHENAB_NIF,393,50000,BACKPLANE,,,,0,0,-2,51,-10,,,55,,,
1,1,NPU,0,CHENAB_NIF,394,50000,BACKPLANE,,,,0,0,-2,51,-10,,,55,,,
1,1,NPU,0,CHENAB_NIF,395,50000,BACKPLANE,,,,0,0,-2,51,-10,,,55,,,
1,1,NPU,0,CHENAB_NIF,396,50000,BACKPLANE,,,,0,0,-2,51,-10,,,55,,,
1,1,NPU,0,CHENAB_NIF,397,50000,BACKPLANE,,,,0,0,-2,51,-10,,,55,,,
1,1,NPU,0,CHENAB_NIF,398,50000,BACKPLANE,,,,0,0,-2,51,-10,,,55,,,
1,1,NPU,0,CHENAB_NIF,399,50000,BACKPLANE,,,,0,0,-2,51,-10,,,55,,,
1,1,NPU,0,CHENAB_NIF,400,50000,BACKPLANE,,,,0,0,-2,51,-10,,,55,,,
1,1,NPU,0,CHENAB_NIF,401,50000,BACKPLANE,,,,0,0,-2,51,-10,,,55,,,
1,1,NPU,0,CHENAB_NIF,402,50000,BACKPLANE,,,,0,0,-2,51,-10,,,55,,,
1,1,NPU,0,CHENAB_NIF,403,50000,BACKPLANE,,,,0,0,-2,51,-10,,,55,,,
1,1,NPU,0,CHENAB_NIF,404,50000,BACKPLANE,,,,0,0,-2,51,-10,,,55,,,
1,1,NPU,0,CHENAB_NIF,405,50000,BACKPLANE,,,,0,0,-2,51,-10,,,55,,,
1,1,NPU,0,CHENAB_NIF,406,50000,BACKPLANE,,,,0,0,-2,51,-10,,,55,,,
1,1,NPU,0,CHENAB_NIF,407,50000,BACKPLANE,,,,0,0,-2,51,-10,,,55,,,
1,1,NPU,0,CHENAB_NIF,408,50000,BACKPLANE,,,,0,0,-2,51,-10,,,55,,,
1,1,NPU,0,CHENAB_NIF,409,50000,BACKPLANE,,,,0,0,-2,51,-10,,,55,,,
1,1,NPU,0,CHENAB_NIF,410,50000,BACKPLANE,,,,0,0,-2,51,-10,,,55,,,
1,1,NPU,0,CHENAB_NIF,411,50000,BACKPLANE,,,,0,0,-2,51,-10,,,55,,,
1,1,NPU,0,CHENAB_NIF,412,50000,BACKPLANE,,,,0,0,-2,51,-10,,,55,,,
1,1,NPU,0,CHENAB_NIF,413,50000,BACKPLANE,,,,0,0,-2,51,-10,,,55,,,
1,1,NPU,0,CHENAB_NIF,414,50000,BACKPLANE,,,,0,0,-2,51,-10,,,55,,,
1,1,NPU,0,CHENAB_NIF,415,50000,BACKPLANE,,,,0,0,-2,51,-10,,,55,,,
1,1,NPU,0,CHENAB_NIF,416,50000,BACKPLANE,,,,0,0,-2,51,-10,,,55,,,
1,1,NPU,0,CHENAB_NIF,417,50000,BACKPLANE,,,,0,0,-2,51,-10,,,55,,,
1,1,NPU,0,CHENAB_NIF,418,50000,BACKPLANE,,,,0,0,-2,51,-10,,,55,,,
1,1,NPU,0,CHENAB_NIF,419,50000,BACKPLANE,,,,0,0,-2,51,-10,,,55,,,
1,1,NPU,0,CHENAB_NIF,420,50000,BACKPLANE,,,,0,0,-2,51,-10,,,55,,,
1,1,NPU,0,CHENAB_NIF,421,50000,BACKPLANE,,,,0,0,-2,51,-10,,,55,,,
1,1,NPU,0,CHENAB_NIF,422,50000,BACKPLANE,,,,0,0,-2,51,-10,,,55,,,
1,1,NPU,0,CHENAB_NIF,423,50000,BACKPLANE,,,,0,0,-2,51,-10,,,55,,,
1,1,NPU,0,CHENAB_NIF,424,50000,BACKPLANE,,,,0,0,-2,51,-10,,,55,,,
1,1,NPU,0,CHENAB_NIF,425,50000,BACKPLANE,,,,0,0,-2,51,-10,,,55,,,
1,1,NPU,0,CHENAB_NIF,426,50000,BACKPLANE,,,,0,0,-2,51,-10,,,55,,,
1,1,NPU,0,CHENAB_NIF,427,50000,BACKPLANE,,,,0,0,-2,51,-10,,,55,,,
1,1,NPU,0,CHENAB_NIF,428,50000,BACKPLANE,,,,0,0,-2,51,-10,,,55,,,
1,1,NPU,0,CHENAB_NIF,429,50000,BACKPLANE,,,,0,0,-2,51,-10,,,55,,,
1,1,NPU,0,CHENAB_NIF,430,50000,BACKPLANE,,,,0,0,-2,51,-10,,,55,,,
1,1,NPU,0,CHENAB_NIF,431,50000,BACKPLANE,,,,0,0,-2,51,-10,,,55,,,
1,1,NPU,0,CHENAB_NIF,432,50000,BACKPLANE,,,,0,0,-2,51,-10,,,55,,,
1,1,NPU,0,CHENAB_NIF,433,50000,BACKPLANE,,,,0,0,-2,51,-10,,,55,,,
1,1,NPU,0,CHENAB_NIF,434,50000,BACKPLANE,,,,0,0,-2,51,-10,,,55,,,
1,1,NPU,0,CHENAB_NIF,435,50000,BACKPLANE,,,,0,0,-2,51,-10,,,55,,,
1,1,NPU,0,CHENAB_NIF,436,50000,BACKPLANE,,,,0,0,-2,51,-10,,,55,,,
1,1,NPU,0,CHENAB_NIF,437,50000,BACKPLANE,,,,0,0,-2,51,-10,,,55,,,
1,1,NPU,0,CHENAB_NIF,438,50000,BACKPLANE,,,,0,0,-2,51,-10,,,55,,,
1,1,NPU,0,CHENAB_NIF,439,50000,BACKPLANE,,,,0,0,-2,51,-10,,,55,,,
1,1,NPU,0,CHENAB_NIF,440,50000,BACKPLANE,,,,0,0,-2,51,-10,,,55,,,
1,1,NPU,0,CHENAB_NIF,441,50000,BACKPLANE,,,,0,0,-2,51,-10,,,55,,,
1,1,NPU,0,CHENAB_NIF,442,50000,BACKPLANE,,,,0,0,-2,51,-10,,,55,,,
1,1,NPU,0,CHENAB_NIF,443,50000,BACKPLANE,,,,0,0,-2,51,-10,,,55,,,
1,1,NPU,0,CHENAB_NIF,444,50000,BACKPLANE,,,,0,0,-2,51,-10,,,55,,,
1,1,NPU,0,CHENAB_NIF,445,50000,BACKPLANE,,,,0,0,-2,51,-10,,,55,,,
1,1,NPU,0,CHENAB_NIF,446,50000,BACKPLANE,,,,0,0,-2,51,-10,,,55,,,
1,1,NPU,0,CHENAB_NIF,447,50000,BACKPLANE,,,,0,0,-2,51,-10,,,55,,,
1,1,NPU,0,CHENAB_NIF,448,50000,BACKPLANE,,,,0,0,-2,51,-10,,,55,,,
1,1,NPU,0,CHENAB_NIF,449,50000,BACKPLANE,,,,0,0,-2,51,-10,,,55,,,
1,1,NPU,0,CHENAB_NIF,450,50000,BACKPLANE,,,,0,0,-2,51,-10,,,55,,,
1,1,NPU,0,CHENAB_NIF,451,50000,BACKPLANE,,,,0,0,-2,51,-10,,,55,,,
1,1,NPU,0,CHENAB_NIF,452,50000,BACKPLANE,,,,0,0,-2,51,-10,,,55,,,
1,1,NPU,0,CHENAB_NIF,453,50000,BACKPLANE,,,,0,0,-2,51,-10,,,55,,,
1,1,NPU,0,CHENAB_NIF,454,50000,BACKPLANE,,,,0,0,-2,51,-10,,,55,,,
1,1,NPU,0,CHENAB_NIF,455,50000,BACKPLANE,,,,0,0,-2,51,-10,,,55,,,
1,1,NPU,0,CHENAB_NIF,456,50000,BACKPLANE,,,,0,0,-2,51,-10,,,55,,,
1,1,NPU,0,CHENAB_NIF,457,50000,BACKPLANE,,,,0,0,-2,51,-10,,,55,,,
1,1,NPU,0,CHENAB_NIF,458,50000,BACKPLANE,,,,0,0,-2,51,-10,,,55,,,
1,1,NPU,0,CHENAB_NIF,459,50000,BACKPLANE,,,,0,0,-2,51,-10,,,55,,,
1,1,NPU,0,CHENAB_NIF,460,50000,BACKPLANE,,,,0,0,-2,51,-10,,,55,,,
1,1,NPU,0,CHENAB_NIF,461,50000,BACKPLANE,,,,0,0,-2,51,-10,,,55,,,
1,1,NPU,0,CHENAB_NIF,462,50000,BACKPLANE,,,,0,0,-2,51,-10,,,55,,,
1,1,NPU,0,CHENAB_NIF,463,50000,BACKPLANE,,,,0,0,-2,51,-10,,,55,,,
1,1,NPU,0,CHENAB_NIF,464,50000,BACKPLANE,,,,0,0,-2,51,-10,,,55,,,
1,1,NPU,0,CHENAB_NIF,465,50000,BACKPLANE,,,,0,0,-2,51,-10,,,55,,,
1,1,NPU,0,CHENAB_NIF,466,50000,BACKPLANE,,,,0,0,-2,51,-10,,,55,,,
1,1,NPU,0,CHENAB_NIF,467,50000,BACKPLANE,,,,0,0,-2,51,-10,,,55,,,
1,1,NPU,0,CHENAB_NIF,468,50000,BACKPLANE,,,,0,0,-2,51,-10,,,55,,,
1,1,NPU,0,CHENAB_NIF,469,50000,BACKPLANE,,,,0,0,-2,51,-10,,,55,,,
1,1,NPU,0,CHENAB_NIF,470,50000,BACKPLANE,,,,0,0,-2,51,-10,,,55,,,
1,1,NPU,0,CHENAB_NIF,471,50000,BACKPLANE,,,,0,0,-2,51,-10,,,55,,,
1,1,NPU,0,CHENAB_NIF,472,50000,BACKPLANE,,,,0,0,-2,51,-10,,,55,,,
1,1,NPU,0,CHENAB_NIF,473,50000,BACKPLANE,,,,0,0,-2,51,-10,,,55,,,
1,1,NPU,0,CHENAB_NIF,474,50000,BACKPLANE,,,,0,0,-2,51,-10,,,55,,,
1,1,NPU,0,CHENAB_NIF,475,50000,BACKPLANE,,,,0,0,-2,51,-10,,,55,,,
1,1,NPU,0,CHENAB_NIF,476,50000,BACKPLANE,,,,0,0,-2,51,-10,,,55,,,
1,1,NPU,0,CHENAB_NIF,477,50000,BACKPLANE,,,,0,0,-2,51,-10,,,55,,,
1,1,NPU,0,CHENAB_NIF,478,50000,BACKPLANE,,,,0,0,-2,51,-10,,,55,,,
1,1,NPU,0,CHENAB_NIF,479,50000,BACKPLANE,,,,0,0,-2,51,-10,,,55,,,
1,1,NPU,0,CHENAB_NIF,480,50000,BACKPLANE,,,,0,0,-2,51,-10,,,55,,,
1,1,NPU,0,CHENAB_NIF,481,50000,BACKPLANE,,,,0,0,-2,51,-10,,,55,,,
1,1,NPU,0,CHENAB_NIF,482,50000,BACKPLANE,,,,0,0,-2,51,-10,,,55,,,
1,1,NPU,0,CHENAB_NIF,483,50000,BACKPLANE,,,,0,0,-2,51,-10,,,55,,,
1,1,NPU,0,CHENAB_NIF,484,50000,BACKPLANE,,,,0,0,-2,51,-10,,,55,,,
1,1,NPU,0,CHENAB_NIF,485,50000,BACKPLANE,,,,0,0,-2,51,-10,,,55,,,
1,1,NPU,0,CHENAB_NIF,486,50000,BACKPLANE,,,,0,0,-2,51,-10,,,55,,,
1,1,NPU,0,CHENAB_NIF,487,50000,BACKPLANE,,,,0,0,-2,51,-10,,,55,,,
1,1,NPU,0,CHENAB_NIF,488,50000,BACKPLANE,,,,0,0,-2,51,-10,,,55,,,
1,1,NPU,0,CHENAB_NIF,489,50000,BACKPLANE,,,,0,0,-2,51,-10,,,55,,,
1,1,NPU,0,CHENAB_NIF,490,50000,BACKPLANE,,,,0,0,-2,51,-10,,,55,,,
1,1,NPU,0,CHENAB_NIF,491,50000,BACKPLANE,,,,0,0,-2,51,-10,,,55,,,
1,1,NPU,0,CHENAB_NIF,492,50000,BACKPLANE,,,,0,0,-2,51,-10,,,55,,,
1,1,NPU,0,CHENAB_NIF,493,50000,BACKPLANE,,,,0,0,-2,51,-10,,,55,,,
1,1,NPU,0,CHENAB_NIF,494,50000,BACKPLANE,,,,0,0,-2,51,-10,,,55,,,
1,1,NPU,0,CHENAB_NIF,495,50000,BACKPLANE,,,,0,0,-2,51,-10,,,55,,,
1,1,NPU,0,CHENAB_NIF,496,50000,BACKPLANE,,,,0,0,-2,51,-10,,,55,,,
1,1,NPU,0,CHENAB_NIF,497,50000,BACKPLANE,,,,0,0,-2,51,-10,,,55,,,
1,1,NPU,0,CHENAB_NIF,498,50000,BACKPLANE,,,,0,0,-2,51,-10,,,55,,,
1,1,NPU,0,CHENAB_NIF,499,50000,BACKPLANE,,,,0,0,-2,51,-10,,,55,,,
1,1,NPU,0,CHENAB_NIF,500,50000,BACKPLANE,,,,0,0,-2,51,-10,,,55,,,
1,1,NPU,0,CHENAB_NIF,501,50000,BACKPLANE,,,,0,0,-2,51,-10,,,55,,,
1,1,NPU,0,CHENAB_NIF,502,50000,BACKPLANE,,,,0,0,-2,51,-10,,,55,,,
1,1,NPU,0,CHENAB_NIF,503,50000,BACKPLANE,,,,0,0,-2,51,-10,,,55,,,
1,1,NPU,0,CHENAB_NIF,504,50000,BACKPLANE,,,,0,0,-2,51,-10,,,55,,,
1,1,NPU,0,CHENAB_NIF,505,50000,BACKPLANE,,,,0,0,-2,51,-10,,,55,,,
1,1,NPU,0,CHENAB_NIF,506,50000,BACKPLANE,,,,0,0,-2,51,-10,,,55,,,
1,1,NPU,0,CHENAB_NIF,507,50000,BACKPLANE,,,,0,0,-2,51,-10,,,55,,,
1,1,NPU,0,CHENAB_NIF,508,50000,BACKPLANE,,,,0,0,-2,51,-10,,,55,,,
1,1,NPU,0,CHENAB_NIF,509,50000,BACKPLANE,,,,0,0,-2,51,-10,,,55,,,
1,1,NPU,0,CHENAB_NIF,510,50000,BACKPLANE,,,,0,0,-2,51,-10,,,55,,,
1,1,NPU,0,CHENAB_NIF,511,50000,BACKPLANE,,,,0,0,-2,51,-10,,,55,,,
1,1,NPU,0,CHENAB_NIF,512,25000,BACKPLANE,,,,0,0,-2,49,-12,,,55,,,
1,1,NPU,0,CHENAB_NIF,513,25000,BACKPLANE,,,,0,0,-2,49,-12,,,55,,,
1,1,NPU,0,CHENAB_NIF,0,100000,COPPER,,,,0,5,-15,43,0,,,55,,,
1,1,NPU,0,CHENAB_NIF,1,100000,COPPER,,,,0,5,-15,43,0,,,55,,,
1,1,NPU,0,CHENAB_NIF,2,100000,COPPER,,,,0,5,-15,43,0,,,55,,,
1,1,NPU,0,CHENAB_NIF,3,100000,COPPER,,,,0,5,-15,43,0,,,55,,,
1,1,NPU,0,CHENAB_NIF,4,100000,COPPER,,,,0,5,-15,43,0,,,55,,,
1,1,NPU,0,CHENAB_NIF,5,100000,COPPER,,,,0,5,-15,43,0,,,55,,,
1,1,NPU,0,CHENAB_NIF,6,100000,COPPER,,,,0,5,-15,43,0,,,55,,,
1,1,NPU,0,CHENAB_NIF,7,100000,COPPER,,,,0,5,-15,43,0,,,55,,,
1,1,NPU,0,CHENAB_NIF,8,100000,COPPER,,,,0,5,-15,43,0,,,55,,,
1,1,NPU,0,CHENAB_NIF,9,100000,COPPER,,,,0,5,-15,43,0,,,55,,,
1,1,NPU,0,CHENAB_NIF,10,100000,COPPER,,,,0,5,-15,43,0,,,55,,,
1,1,NPU,0,CHENAB_NIF,11,100000,COPPER,,,,0,5,-15,43,0,,,55,,,
1,1,NPU,0,CHENAB_NIF,12,100000,COPPER,,,,0,5,-15,43,0,,,55,,,
1,1,NPU,0,CHENAB_NIF,13,100000,COPPER,,,,0,5,-15,43,0,,,55,,,
1,1,NPU,0,CHENAB_NIF,14,100000,COPPER,,,,0,5,-15,43,0,,,55,,,
1,1,NPU,0,CHENAB_NIF,15,100000,COPPER,,,,0,5,-15,43,0,,,55,,,
1,1,NPU,0,CHENAB_NIF,16,100000,COPPER,,,,0,5,-15,43,0,,,55,,,
1,1,NPU,0,CHENAB_NIF,17,100000,COPPER,,,,0,5,-15,43,0,,,55,,,
1,1,NPU,0,CHENAB_NIF,18,100000,COPPER,,,,0,5,-15,43,0,,,55,,,
1,1,NPU,0,CHENAB_NIF,19,100000,COPPER,,,,0,5,-15,43,0,,,55,,,
1,1,NPU,0,CHENAB_NIF,20,100000,COPPER,,,,0,5,-15,43,0,,,55,,,
1,1,NPU,0,CHENAB_NIF,21,100000,COPPER,,,,0,5,-15,43,0,,,55,,,
1,1,NPU,0,CHENAB_NIF,22,100000,COPPER,,,,0,5,-15,43,0,,,55,,,
1,1,NPU,0,CHENAB_NIF,23,100000,COPPER,,,,0,5,-15,43,0,,,55,,,
1,1,NPU,0,CHENAB_NIF,24,100000,COPPER,,,,0,5,-15,43,0,,,55,,,
1,1,NPU,0,CHENAB_NIF,25,100000,COPPER,,,,0,5,-15,43,0,,,55,,,
1,1,NPU,0,CHENAB_NIF,26,100000,COPPER,,,,0,5,-15,43,0,,,55,,,
1,1,NPU,0,CHENAB_NIF,27,100000,COPPER,,,,0,5,-15,43,0,,,55,,,
1,1,NPU,0,CHENAB_NIF,28,100000,COPPER,,,,0,5,-15,43,0,,,55,,,
1,1,NPU,0,CHENAB_NIF,29,100000,COPPER,,,,0,5,-15,43,0,,,55,,,
1,1,NPU,0,CHENAB_NIF,30,100000,COPPER,,,,0,5,-15,43,0,,,55,,,
1,1,NPU,0,CHENAB_NIF,31,100000,COPPER,,,,0,5,-15,43,0,,,55,,,
1,1,NPU,0,CHENAB_NIF,32,100000,COPPER,,,,0,5,-15,43,0,,,55,,,
1,1,NPU,0,CHENAB_NIF,33,100000,COPPER,,,,0,5,-15,43,0,,,55,,,
1,1,NPU,0,CHENAB_NIF,34,100000,COPPER,,,,0,5,-15,43,0,,,55,,,
1,1,NPU,0,CHENAB_NIF,35,100000,COPPER,,,,0,5,-15,43,0,,,55,,,
1,1,NPU,0,CHENAB_NIF,36,100000,COPPER,,,,0,5,-15,43,0,,,55,,,
1,1,NPU,0,CHENAB_NIF,37,100000,COPPER,,,,0,5,-15,43,0,,,55,,,
1,1,NPU,0,CHENAB_NIF,38,100000,COPPER,,,,0,5,-15,43,0,,,55,,,
1,1,NPU,0,CHENAB_NIF,39,100000,COPPER,,,,0,5,-15,43,0,,,55,,,
1,1,NPU,0,CHENAB_NIF,40,100000,COPPER,,,,0,5,-15,43,0,,,55,,,
1,1,NPU,0,CHENAB_NIF,41,100000,COPPER,,,,0,5,-15,43,0,,,55,,,
1,1,NPU,0,CHENAB_NIF,42,100000,COPPER,,,,0,5,-15,43,0,,,55,,,
1,1,NPU,0,CHENAB_NIF,43,100000,COPPER,,,,0,5,-15,43,0,,,55,,,
1,1,NPU,0,CHENAB_NIF,44,100000,COPPER,,,,0,5,-15,43,0,,,55,,,
1,1,NPU,0,CHENAB_NIF,45,100000,COPPER,,,,0,5,-15,43,0,,,55,,,
1,1,NPU,0,CHENAB_NIF,46,100000,COPPER,,,,0,5,-15,43,0,,,55,,,
1,1,NPU,0,CHENAB_NIF,47,100000,COPPER,,,,0,5,-15,43,0,,,55,,,
1,1,NPU,0,CHENAB_NIF,48,100000,COPPER,,,,0,5,-15,43,0,,,55,,,
1,1,NPU,0,CHENAB_NIF,49,100000,COPPER,,,,0,5,-15,43,0,,,55,,,
1,1,NPU,0,CHENAB_NIF,50,100000,COPPER,,,,0,5,-15,43,0,,,55,,,
1,1,NPU,0,CHENAB_NIF,51,100000,COPPER,,,,0,5,-15,43,0,,,55,,,
1,1,NPU,0,CHENAB_NIF,52,100000,COPPER,,,,0,5,-15,43,0,,,55,,,
1,1,NPU,0,CHENAB_NIF,53,100000,COPPER,,,,0,5,-15,43,0,,,55,,,
1,1,NPU,0,CHENAB_NIF,54,100000,COPPER,,,,0,5,-15,43,0,,,55,,,
1,1,NPU,0,CHENAB_NIF,55,100000,COPPER,,,,0,5,-15,43,0,,,55,,,
1,1,NPU,0,CHENAB_NIF,56,100000,COPPER,,,,0,5,-15,43,0,,,55,,,
1,1,NPU,0,CHENAB_NIF,57,100000,COPPER,,,,0,5,-15,43,0,,,55,,,
1,1,NPU,0,CHENAB_NIF,58,100000,COPPER,,,,0,5,-15,43,0,,,55,,,
1,1,NPU,0,CHENAB_NIF,59,100000,COPPER,,,,0,5,-15,43,0,,,55,,,
1,1,NPU,0,CHENAB_NIF,60,100000,COPPER,,,,0,5,-15,43,0,,,55,,,
1,1,NPU,0,CHENAB_NIF,61,100000,COPPER,,,,0,5,-15,43,0,,,55,,,
1,1,NPU,0,CHENAB_NIF,62,100000,COPPER,,,,0,5,-15,43,0,,,55,,,
1,1,NPU,0,CHENAB_NIF,63,100000,COPPER,,,,0,5,-15,43,0,,,55,,,
1,1,NPU,0,CHENAB_NIF,64,100000,COPPER,,,,0,5,-15,43,0,,,55,,,
1,1,NPU,0,CHENAB_NIF,65,100000,COPPER,,,,0,5,-15,43,0,,,55,,,
1,1,NPU,0,CHENAB_NIF,66,100000,COPPER,,,,0,5,-15,43,0,,,55,,,
1,1,NPU,0,CHENAB_NIF,67,100000,COPPER,,,,0,5,-15,43,0,,,55,,,
1,1,NPU,0,CHENAB_NIF,68,100000,COPPER,,,,0,5,-15,43,0,,,55,,,
1,1,NPU,0,CHENAB_NIF,69,100000,COPPER,,,,0,5,-15,43,0,,,55,,,
1,1,NPU,0,CHENAB_NIF,70,100000,COPPER,,,,0,5,-15,43,0,,,55,,,
1,1,NPU,0,CHENAB_NIF,71,100000,COPPER,,,,0,5,-15,43,0,,,55,,,
1,1,NPU,0,CHENAB_NIF,72,100000,COPPER,,,,0,5,-15,43,0,,,55,,,
1,1,NPU,0,CHENAB_NIF,73,100000,COPPER,,,,0,5,-15,43,0,,,55,,,
1,1,NPU,0,CHENAB_NIF,74,100000,COPPER,,,,0,5,-15,43,0,,,55,,,
1,1,NPU,0,CHENAB_NIF,75,100000,COPPER,,,,0,5,-15,43,0,,,55,,,
1,1,NPU,0,CHENAB_NIF,76,100000,COPPER,,,,0,5,-15,43,0,,,55,,,
1,1,NPU,0,CHENAB_NIF,77,100000,COPPER,,,,0,5,-15,43,0,,,55,,,
1,1,NPU,0,CHENAB_NIF,78,100000,COPPER,,,,0,5,-15,43,0,,,55,,,
1,1,NPU,0,CHENAB_NIF,79,100000,COPPER,,,,0,5,-15,43,0,,,55,,,
1,1,NPU,0,CHENAB_NIF,80,100000,COPPER,,,,0,5,-15,43,0,,,55,,,
1,1,NPU,0,CHENAB_NIF,81,100000,COPPER,,,,0,5,-15,43,0,,,55,,,
1,1,NPU,0,CHENAB_NIF,82,100000,COPPER,,,,0,5,-15,43,0,,,55,,,
1,1,NPU,0,CHENAB_NIF,83,100000,COPPER,,,,0,5,-15,43,0,,,55,,,
1,1,NPU,0,CHENAB_NIF,84,100000,COPPER,,,,0,5,-15,43,0,,,55,,,
1,1,NPU,0,CHENAB_NIF,85,100000,COPPER,,,,0,5,-15,43,0,,,55,,,
1,1,NPU,0,CHENAB_NIF,86,100000,COPPER,,,,0,5,-15,43,0,,,55,,,
1,1,NPU,0,CHENAB_NIF,87,100000,COPPER,,,,0,5,-15,43,0,,,55,,,
1,1,NPU,0,CHENAB_NIF,88,100000,COPPER,,,,0,5,-15,43,0,,,55,,,
1,1,NPU,0,CHENAB_NIF,89,100000,COPPER,,,,0,5,-15,43,0,,,55,,,
1,1,NPU,0,CHENAB_NIF,90,100000,COPPER,,,,0,5,-15,43,0,,,55,,,
1,1,NPU,0,CHENAB_NIF,91,100000,COPPER,,,,0,5,-15,43,0,,,55,,,
1,1,NPU,0,CHENAB_NIF,92,100000,COPPER,,,,0,5,-15,43,0,,,55,,,
1,1,NPU,0,CHENAB_NIF,93,100000,COPPER,,,,0,5,-15,43,0,,,55,,,
1,1,NPU,0,CHENAB_NIF,94,100000,COPPER,,,,0,5,-15,43,0,,,55,,,
1,1,NPU,0,CHENAB_NIF,95,100000,COPPER,,,,0,5,-15,43,0,,,55,,,
1,1,NPU,0,CHENAB_NIF,96,100000,COPPER,,,,0,5,-15,43,0,,,55,,,
1,1,NPU,0,CHENAB_NIF,97,100000,COPPER,,,,0,5,-15,43,0,,,55,,,
1,1,NPU,0,CHENAB_NIF,98,100000,COPPER,,,,0,5,-15,43,0,,,55,,,
1,1,NPU,0,CHENAB_NIF,99,100000,COPPER,,,,0,5,-15,43,0,,,55,,,
1,1,NPU,0,CHENAB_NIF,100,100000,COPPER,,,,0,5,-15,43,0,,,55,,,
1,1,NPU,0,CHENAB_NIF,101,100000,COPPER,,,,0,5,-15,43,0,,,55,,,
1,1,NPU,0,CHENAB_NIF,102,100000,COPPER,,,,0,5,-15,43,0,,,55,,,
1,1,NPU,0,CHENAB_NIF,103,100000,COPPER,,,,0,5,-15,43,0,,,55,,,
1,1,NPU,0,CHENAB_NIF,104,100000,COPPER,,,,0,5,-15,43,0,,,55,,,
1,1,NPU,0,CHENAB_NIF,105,100000,COPPER,,,,0,5,-15,43,0,,,55,,,
1,1,NPU,0,CHENAB_NIF,106,100000,COPPER,,,,0,5,-15,43,0,,,55,,,
1,1,NPU,0,CHENAB_NIF,107,100000,COPPER,,,,0,5,-15,43,0,,,55,,,
1,1,NPU,0,CHENAB_NIF,108,100000,COPPER,,,,0,5,-15,43,0,,,55,,,
1,1,NPU,0,CHENAB_NIF,109,100000,COPPER,,,,0,5,-15,43,0,,,55,,,
1,1,NPU,0,CHENAB_NIF,110,100000,COPPER,,,,0,5,-15,43,0,,,55,,,
1,1,NPU,0,CHENAB_NIF,111,100000,COPPER,,,,0,5,-15,43,0,,,55,,,
1,1,NPU,0,CHENAB_NIF,112,100000,COPPER,,,,0,5,-15,43,0,,,55,,,
1,1,NPU,0,CHENAB_NIF,113,100000,COPPER,,,,0,5,-15,43,0,,,55,,,
1,1,NPU,0,CHENAB_NIF,114,100000,COPPER,,,,0,5,-15,43,0,,,55,,,
1,1,NPU,0,CHENAB_NIF,115,100000,COPPER,,,,0,5,-15,43,0,,,55,,,
1,1,NPU,0,CHENAB_NIF,116,100000,COPPER,,,,0,5,-15,43,0,,,55,,,
1,1,NPU,0,CHENAB_NIF,117,100000,COPPER,,,,0,5,-15,43,0,,,55,,,
1,1,NPU,0,CHENAB_NIF,118,100000,COPPER,,,,0,5,-15,43,0,,,55,,,
1,1,NPU,0,CHENAB_NIF,119,100000,COPPER,,,,0,5,-15,43,0,,,55,,,
1,1,NPU,0,CHENAB_NIF,120,100000,COPPER,,,,0,5,-15,43,0,,,55,,,
1,1,NPU,0,CHENAB_NIF,121,100000,COPPER,,,,0,5,-15,43,0,,,55,,,
1,1,NPU,0,CHENAB_NIF,122,100000,COPPER,,,,0,5,-15,43,0,,,55,,,
1,1,NPU,0,CHENAB_NIF,123,100000,COPPER,,,,0,5,-15,43,0,,,55,,,
1,1,NPU,0,CHENAB_NIF,124,100000,COPPER,,,,0,5,-15,43,0,,,55,,,
1,1,NPU,0,CHENAB_NIF,125,100000,COPPER,,,,0,5,-15,43,0,,,55,,,
1,1,NPU,0,CHENAB_NIF,126,100000,COPPER,,,,0,5,-15,43,0,,,55,,,
1,1,NPU,0,CHENAB_NIF,127,100000,COPPER,,,,0,5,-15,43,0,,,55,,,
1,1,NPU,0,CHENAB_NIF,128,100000,COPPER,,,,0,5,-15,43,0,,,55,,,
1,1,NPU,0,CHENAB_NIF,129,100000,COPPER,,,,0,5,-15,43,0,,,55,,,
1,1,NPU,0,CHENAB_NIF,130,100000,COPPER,,,,0,5,-15,43,0,,,55,,,
1,1,NPU,0,CHENAB_NIF,131,100000,COPPER,,,,0,5,-15,43,0,,,55,,,
1,1,NPU,0,CHENAB_NIF,132,100000,COPPER,,,,0,5,-15,43,0,,,55,,,
1,1,NPU,0,CHENAB_NIF,133,100000,COPPER,,,,0,5,-15,43,0,,,55,,,
1,1,NPU,0,CHENAB_NIF,134,100000,COPPER,,,,0,5,-15,43,0,,,55,,,
1,1,NPU,0,CHENAB_NIF,135,100000,COPPER,,,,0,5,-15,43,0,,,55,,,
1,1,NPU,0,CHENAB_NIF,136,100000,COPPER,,,,0,5,-15,43,0,,,55,,,
1,1,NPU,0,CHENAB_NIF,137,100000,COPPER,,,,0,5,-15,43,0,,,55,,,
1,1,NPU,0,CHENAB_NIF,138,100000,COPPER,,,,0,5,-15,43,0,,,55,,,
1,1,NPU,0,CHENAB_NIF,139,100000,COPPER,,,,0,5,-15,43,0,,,55,,,
1,1,NPU,0,CHENAB_NIF,140,100000,COPPER,,,,0,5,-15,43,0,,,55,,,
1,1,NPU,0,CHENAB_NIF,141,100000,COPPER,,,,0,5,-15,43,0,,,55,,,
1,1,NPU,0,CHENAB_NIF,142,100000,COPPER,,,,0,5,-15,43,0,,,55,,,
1,1,NPU,0,CHENAB_NIF,143,100000,COPPER,,,,0,5,-15,43,0,,,55,,,
1,1,NPU,0,CHENAB_NIF,144,100000,COPPER,,,,0,5,-15,43,0,,,55,,,
1,1,NPU,0,CHENAB_NIF,145,100000,COPPER,,,,0,5,-15,43,0,,,55,,,
1,1,NPU,0,CHENAB_NIF,146,100000,COPPER,,,,0,5,-15,43,0,,,55,,,
1,1,NPU,0,CHENAB_NIF,147,100000,COPPER,,,,0,5,-15,43,0,,,55,,,
1,1,NPU,0,CHENAB_NIF,148,100000,COPPER,,,,0,5,-15,43,0,,,55,,,
1,1,NPU,0,CHENAB_NIF,149,100000,COPPER,,,,0,5,-15,43,0,,,55,,,
1,1,NPU,0,CHENAB_NIF,150,100000,COPPER,,,,0,5,-15,43,0,,,55,,,
1,1,NPU,0,CHENAB_NIF,151,100000,COPPER,,,,0,5,-15,43,0,,,55,,,
1,1,NPU,0,CHENAB_NIF,152,100000,COPPER,,,,0,5,-15,43,0,,,55,,,
1,1,NPU,0,CHENAB_NIF,153,100000,COPPER,,,,0,5,-15,43,0,,,55,,,
1,1,NPU,0,CHENAB_NIF,154,100000,COPPER,,,,0,5,-15,43,0,,,55,,,
1,1,NPU,0,CHENAB_NIF,155,100000,COPPER,,,,0,5,-15,43,0,,,55,,,
1,1,NPU,0,CHENAB_NIF,156,100000,COPPER,,,,0,5,-15,43,0,,,55,,,
1,1,NPU,0,CHENAB_NIF,157,100000,COPPER,,,,0,5,-15,43,0,,,55,,,
1,1,NPU,0,CHENAB_NIF,158,100000,COPPER,,,,0,5,-15,43,0,,,55,,,
1,1,NPU,0,CHENAB_NIF,159,100000,COPPER,,,,0,5,-15,43,0,,,55,,,
1,1,NPU,0,CHENAB_NIF,160,100000,COPPER,,,,0,5,-15,43,0,,,55,,,
1,1,NPU,0,CHENAB_NIF,161,100000,COPPER,,,,0,5,-15,43,0,,,55,,,
1,1,NPU,0,CHENAB_NIF,162,100000,COPPER,,,,0,5,-15,43,0,,,55,,,
1,1,NPU,0,CHENAB_NIF,163,100000,COPPER,,,,0,5,-15,43,0,,,55,,,
1,1,NPU,0,CHENAB_NIF,164,100000,COPPER,,,,0,5,-15,43,0,,,55,,,
1,1,NPU,0,CHENAB_NIF,165,100000,COPPER,,,,0,5,-15,43,0,,,55,,,
1,1,NPU,0,CHENAB_NIF,166,100000,COPPER,,,,0,5,-15,43,0,,,55,,,
1,1,NPU,0,CHENAB_NIF,167,100000,COPPER,,,,0,5,-15,43,0,,,55,,,
1,1,NPU,0,CHENAB_NIF,168,100000,COPPER,,,,0,5,-15,43,0,,,55,,,
1,1,NPU,0,CHENAB_NIF,169,100000,COPPER,,,,0,5,-15,43,0,,,55,,,
1,1,NPU,0,CHENAB_NIF,170,100000,COPPER,,,,0,5,-15,43,0,,,55,,,
1,1,NPU,0,CHENAB_NIF,171,100000,COPPER,,,,0,5,-15,43,0,,,55,,,
1,1,NPU,0,CHENAB_NIF,172,100000,COPPER,,,,0,5,-15,43,0,,,55,,,
1,1,NPU,0,CHENAB_NIF,173,100000,COPPER,,,,0,5,-15,43,0,,,55,,,
1,1,NPU,0,CHENAB_NIF,174,100000,COPPER,,,,0,5,-15,43,0,,,55,,,
1,1,NPU,0,CHENAB_NIF,175,100000,COPPER,,,,0,5,-15,43,0,,,55,,,
1,1,NPU,0,CHENAB_NIF,176,100000,COPPER,,,,0,5,-15,43,0,,,55,,,
1,1,NPU,0,CHENAB_NIF,177,100000,COPPER,,,,0,5,-15,43,0,,,55,,,
1,1,NPU,0,CHENAB_NIF,178,100000,COPPER,,,,0,5,-15,43,0,,,55,,,
1,1,NPU,0,CHENAB_NIF,179,100000,COPPER,,,,0,5,-15,43,0,,,55,,,
1,1,NPU,0,CHENAB_NIF,180,100000,COPPER,,,,0,5,-15,43,0,,,55,,,
1,1,NPU,0,CHENAB_NIF,181,100000,COPPER,,,,0,5,-15,43,0,,,55,,,
1,1,NPU,0,CHENAB_NIF,182,100000,COPPER,,,,0,5,-15,43,0,,,55,,,
1,1,NPU,0,CHENAB_NIF,183,100000,COPPER,,,,0,5,-15,43,0,,,55,,,
1,1,NPU,0,CHENAB_NIF,184,100000,COPPER,,,,0,5,-15,43,0,,,55,,,
1,1,NPU,0,CHENAB_NIF,185,100000,COPPER,,,,0,5,-15,43,0,,,55,,,
1,1,NPU,0,CHENAB_NIF,186,100000,COPPER,,,,0,5,-15,43,0,,,55,,,
1,1,NPU,0,CHENAB_NIF,187,100000,COPPER,,,,0,5,-15,43,0,,,55,,,
1,1,NPU,0,CHENAB_NIF,188,100000,COPPER,,,,0,5,-15,43,0,,,55,,,
1,1,NPU,0,CHENAB_NIF,189,100000,COPPER,,,,0,5,-15,43,0,,,55,,,
1,1,NPU,0,CHENAB_NIF,190,100000,COPPER,,,,0,5,-15,43,0,,,55,,,
1,1,NPU,0,CHENAB_NIF,191,100000,COPPER,,,,0,5,-15,43,0,,,55,,,
1,1,NPU,0,CHENAB_NIF,192,100000,COPPER,,,,0,5,-15,43,0,,,55,,,
1,1,NPU,0,CHENAB_NIF,193,100000,COPPER,,,,0,5,-15,43,0,,,55,,,
1,1,NPU,0,CHENAB_NIF,194,100000,COPPER,,,,0,5,-15,43,0,,,55,,,
1,1,NPU,0,CHENAB_NIF,195,100000,COPPER,,,,0,5,-15,43,0,,,55,,,
1,1,NPU,0,CHENAB_NIF,196,100000,COPPER,,,,0,5,-15,43,0,,,55,,,
1,1,NPU,0,CHENAB_NIF,197,100000,COPPER,,,,0,5,-15,43,0,,,55,,,
1,1,NPU,0,CHENAB_NIF,198,100000,COPPER,,,,0,5,-15,43,0,,,55,,,
1,1,NPU,0,CHENAB_NIF,199,100000,COPPER,,,,0,5,-15,43,0,,,55,,,
1,1,NPU,0,CHENAB_NIF,200,100000,COPPER,,,,0,5,-15,43,0,,,55,,,
1,1,NPU,0,CHENAB_NIF,201,100000,COPPER,,,,0,5,-15,43,0,,,55,,,
1,1,NPU,0,CHENAB_NIF,202,100000,COPPER,,,,0,5,-15,43,0,,,55,,,
1,1,NPU,0,CHENAB_NIF,203,100000,COPPER,,,,0,5,-15,43,0,,,55,,,
1,1,NPU,0,CHENAB_NIF,204,100000,COPPER,,,,0,5,-15,43,0,,,55,,,
1,1,NPU,0,CHENAB_NIF,205,100000,COPPER,,,,0,5,-15,43,0,,,55,,,
1,1,NPU,0,CHENAB_NIF,206,100000,COPPER,,,,0,5,-15,43,0,,,55,,,
1,1,NPU,0,CHENAB_NIF,207,100000,COPPER,,,,0,5,-15,43,0,,,55,,,
1,1,NPU,0,CHENAB_NIF,208,100000,COPPER,,,,0,5,-15,43,0,,,55,,,
1,1,NPU,0,CHENAB_NIF,209,100000,COPPER,,,,0,5,-15,43,0,,,55,,,
1,1,NPU,0,CHENAB_NIF,210,100000,COPPER,,,,0,5,-15,43,0,,,55,,,
1,1,NPU,0,CHENAB_NIF,211,100000,COPPER,,,,0,5,-15,43,0,,,55,,,
1,1,NPU,0,CHENAB_NIF,212,100000,COPPER,,,,0,5,-15,43,0,,,55,,,
1,1,NPU,0,CHENAB_NIF,213,100000,COPPER,,,,0,5,-15,43,0,,,55,,,
1,1,NPU,0,CHENAB_NIF,214,100000,COPPER,,,,0,5,-15,43,0,,,55,,,
1,1,NPU,0,CHENAB_NIF,215,100000,COPPER,,,,0,5,-15,43,0,,,55,,,
1,1,NPU,0,CHENAB_NIF,216,100000,COPPER,,,,0,5,-15,43,0,,,55,,,
1,1,NPU,0,CHENAB_NIF,217,100000,COPPER,,,,0,5,-15,43,0,,,55,,,
1,1,NPU,0,CHENAB_NIF,218,100000,COPPER,,,,0,5,-15,43,0,,,55,,,
1,1,NPU,0,CHENAB_NIF,219,100000,COPPER,,,,0,5,-15,43,0,,,55,,,
1,1,NPU,0,CHENAB_NIF,220,100000,COPPER,,,,0,5,-15,43,0,,,55,,,
1,1,NPU,0,CHENAB_NIF,221,100000,COPPER,,,,0,5,-15,43,0,,,55,,,
1,1,NPU,0,CHENAB_NIF,222,100000,COPPER,,,,0,5,-15,43,0,,,55,,,
1,1,NPU,0,CHENAB_NIF,223,100000,COPPER,,,,0,5,-15,43,0,,,55,,,
1,1,NPU,0,CHENAB_NIF,224,100000,COPPER,,,,0,5,-15,43,0,,,55,,,
1,1,NPU,0,CHENAB_NIF,225,100000,COPPER,,,,0,5,-15,43,0,,,55,,,
1,1,NPU,0,CHENAB_NIF,226,100000,COPPER,,,,0,5,-15,43,0,,,55,,,
1,1,NPU,0,CHENAB_NIF,227,100000,COPPER,,,,0,5,-15,43,0,,,55,,,
1,1,NPU,0,CHENAB_NIF,228,100000,COPPER,,,,0,5,-15,43,0,,,55,,,
1,1,NPU,0,CHENAB_NIF,229,100000,COPPER,,,,0,5,-15,43,0,,,55,,,
1,1,NPU,0,CHENAB_NIF,230,100000,COPPER,,,,0,5,-15,43,0,,,55,,,
1,1,NPU,0,CHENAB_NIF,231,100000,COPPER,,,,0,5,-15,43,0,,,55,,,
1,1,NPU,0,CHENAB_NIF,232,100000,COPPER,,,,0,5,-15,43,0,,,55,,,
1,1,NPU,0,CHENAB_NIF,233,100000,COPPER,,,,0,5,-15,43,0,,,55,,,
1,1,NPU,0,CHENAB_NIF,234,100000,COPPER,,,,0,5,-15,43,0,,,55,,,
1,1,NPU,0,CHENAB_NIF,235,100000,COPPER,,,,0,5,-15,43,0,,,55,,,
1,1,NPU,0,CHENAB_NIF,236,100000,COPPER,,,,0,5,-15,43,0,,,55,,,
1,1,NPU,0,CHENAB_NIF,237,100000,COPPER,,,,0,5,-15,43,0,,,55,,,
1,1,NPU,0,CHENAB_NIF,238,100000,COPPER,,,,0,5,-15,43,0,,,55,,,
1,1,NPU,0,CHENAB_NIF,239,100000,COPPER,,,,0,5,-15,43,0,,,55,,,
1,1,NPU,0,CHENAB_NIF,240,100000,COPPER,,,,0,5,-15,43,0,,,55,,,
1,1,NPU,0,CHENAB_NIF,241,100000,COPPER,,,,0,5,-15,43,0,,,55,,,
1,1,NPU,0,CHENAB_NIF,242,100000,COPPER,,,,0,5,-15,43,0,,,55,,,
1,1,NPU,0,CHENAB_NIF,243,100000,COPPER,,,,0,5,-15,43,0,,,55,,,
1,1,NPU,0,CHENAB_NIF,244,100000,COPPER,,,,0,5,-15,43,0,,,55,,,
1,1,NPU,0,CHENAB_NIF,245,100000,COPPER,,,,0,5,-15,43,0,,,55,,,
1,1,NPU,0,CHENAB_NIF,246,100000,COPPER,,,,0,5,-15,43,0,,,55,,,
1,1,NPU,0,CHENAB_NIF,247,100000,COPPER,,,,0,5,-15,43,0,,,55,,,
1,1,NPU,0,CHENAB_NIF,248,100000,COPPER,,,,0,5,-15,43,0,,,55,,,
1,1,NPU,0,CHENAB_NIF,249,100000,COPPER,,,,0,5,-15,43,0,,,55,,,
1,1,NPU,0,CHENAB_NIF,250,100000,COPPER,,,,0,5,-15,43,0,,,55,,,
1,1,NPU,0,CHENAB_NIF,251,100000,COPPER,,,,0,5,-15,43,0,,,55,,,
1,1,NPU,0,CHENAB_NIF,252,100000,COPPER,,,,0,5,-15,43,0,,,55,,,
1,1,NPU,0,CHENAB_NIF,253,100000,COPPER,,,,0,5,-15,43,0,,,55,,,
1,1,NPU,0,CHENAB_NIF,254,100000,COPPER,,,,0,5,-15,43,0,,,55,,,
1,1,NPU,0,CHENAB_NIF,255,100000,COPPER,,,,0,5,-15,43,0,,,55,,,
1,1,NPU,0,CHENAB_NIF,256,100000,COPPER,,,,0,5,-15,43,0,,,55,,,
1,1,NPU,0,CHENAB_NIF,257,100000,COPPER,,,,0,5,-15,43,0,,,55,,,
1,1,NPU,0,CHENAB_NIF,258,100000,COPPER,,,,0,5,-15,43,0,,,55,,,
1,1,NPU,0,CHENAB_NIF,259,100000,COPPER,,,,0,5,-15,43,0,,,55,,,
1,1,NPU,0,CHENAB_NIF,260,100000,COPPER,,,,0,5,-15,43,0,,,55,,,
1,1,NPU,0,CHENAB_NIF,261,100000,COPPER,,,,0,5,-15,43,0,,,55,,,
1,1,NPU,0,CHENAB_NIF,262,100000,COPPER,,,,0,5,-15,43,0,,,55,,,
1,1,NPU,0,CHENAB_NIF,263,100000,COPPER,,,,0,5,-15,43,0,,,55,,,
1,1,NPU,0,CHENAB_NIF,264,100000,COPPER,,,,0,5,-15,43,0,,,55,,,
1,1,NPU,0,CHENAB_NIF,265,100000,COPPER,,,,0,5,-15,43,0,,,55,,,
1,1,NPU,0,CHENAB_NIF,266,100000,COPPER,,,,0,5,-15,43,0,,,55,,,
1,1,NPU,0,CHENAB_NIF,267,100000,COPPER,,,,0,5,-15,43,0,,,55,,,
1,1,NPU,0,CHENAB_NIF,268,100000,COPPER,,,,0,5,-15,43,0,,,55,,,
1,1,NPU,0,CHENAB_NIF,269,100000,COPPER,,,,0,5,-15,43,0,,,55,,,
1,1,NPU,0,CHENAB_NIF,270,100000,COPPER,,,,0,5,-15,43,0,,,55,,,
1,1,NPU,0,CHENAB_NIF,271,100000,COPPER,,,,0,5,-15,43,0,,,55,,,
1,1,NPU,0,CHENAB_NIF,272,100000,COPPER,,,,0,5,-15,43,0,,,55,,,
1,1,NPU,0,CHENAB_NIF,273,100000,COPPER,,,,0,5,-15,43,0,,,55,,,
1,1,NPU,0,CHENAB_NIF,274,100000,COPPER,,,,0,5,-15,43,0,,,55,,,
1,1,NPU,0,CHENAB_NIF,275,100000,COPPER,,,,0,5,-15,43,0,,,55,,,
1,1,NPU,0,CHENAB_NIF,276,100000,COPPER,,,,0,5,-15,43,0,,,55,,,
1,1,NPU,0,CHENAB_NIF,277,100000,COPPER,,,,0,5,-15,43,0,,,55,,,
1,1,NPU,0,CHENAB_NIF,278,100000,COPPER,,,,0,5,-15,43,0,,,55,,,
1,1,NPU,0,CHENAB_NIF,279,100000,COPPER,,,,0,5,-15,43,0,,,55,,,
1,1,NPU,0,CHENAB_NIF,280,100000,COPPER,,,,0,5,-15,43,0,,,55,,,
1,1,NPU,0,CHENAB_NIF,281,100000,COPPER,,,,0,5,-15,43,0,,,55,,,
1,1,NPU,0,CHENAB_NIF,282,100000,COPPER,,,,0,5,-15,43,0,,,55,,,
1,1,NPU,0,CHENAB_NIF,283,100000,COPPER,,,,0,5,-15,43,0,,,55,,,
1,1,NPU,0,CHENAB_NIF,284,100000,COPPER,,,,0,5,-15,43,0,,,55,,,
1,1,NPU,0,CHENAB_NIF,285,100000,COPPER,,,,0,5,-15,43,0,,,55,,,
1,1,NPU,0,CHENAB_NIF,286,100000,COPPER,,,,0,5,-15,43,0,,,55,,,
1,1,NPU,0,CHENAB_NIF,287,100000,COPPER,,,,0,5,-15,43,0,,,55,,,
1,1,NPU,0,CHENAB_NIF,288,100000,COPPER,,,,0,5,-15,43,0,,,55,,,
1,1,NPU,0,CHENAB_NIF,289,100000,COPPER,,,,0,5,-15,43,0,,,55,,,
1,1,NPU,0,CHENAB_NIF,290,100000,COPPER,,,,0,5,-15,43,0,,,55,,,
1,1,NPU,0,CHENAB_NIF,291,100000,COPPER,,,,0,5,-15,43,0,,,55,,,
1,1,NPU,0,CHENAB_NIF,292,100000,COPPER,,,,0,5,-15,43,0,,,55,,,
1,1,NPU,0,CHENAB_NIF,293,100000,COPPER,,,,0,5,-15,43,0,,,55,,,
1,1,NPU,0,CHENAB_NIF,294,100000,COPPER,,,,0,5,-15,43,0,,,55,,,
1,1,NPU,0,CHENAB_NIF,295,100000,COPPER,,,,0,5,-15,43,0,,,55,,,
1,1,NPU,0,CHENAB_NIF,296,100000,COPPER,,,,0,5,-15,43,0,,,55,,,
1,1,NPU,0,CHENAB_NIF,297,100000,COPPER,,,,0,5,-15,43,0,,,55,,,
1,1,NPU,0,CHENAB_NIF,298,100000,COPPER,,,,0,5,-15,43,0,,,55,,,
1,1,NPU,0,CHENAB_NIF,299,100000,COPPER,,,,0,5,-15,43,0,,,55,,,
1,1,NPU,0,CHENAB_NIF,300,100000,COPPER,,,,0,5,-15,43,0,,,55,,,
1,1,NPU,0,CHENAB_NIF,301,100000,COPPER,,,,0,5,-15,43,0,,,55,,,
1,1,NPU,0,CHENAB_NIF,302,100000,COPPER,,,,0,5,-15,43,0,,,55,,,
1,1,NPU,0,CHENAB_NIF,303,100000,COPPER,,,,0,5,-15,43,0,,,55,,,
1,1,NPU,0,CHENAB_NIF,304,100000,COPPER,,,,0,5,-15,43,0,,,55,,,
1,1,NPU,0,CHENAB_NIF,305,100000,COPPER,,,,0,5,-15,43,0,,,55,,,
1,1,NPU,0,CHENAB_NIF,306,100000,COPPER,,,,0,5,-15,43,0,,,55,,,
1,1,NPU,0,CHENAB_NIF,307,100000,COPPER,,,,0,5,-15,43,0,,,55,,,
1,1,NPU,0,CHENAB_NIF,308,100000,COPPER,,,,0,5,-15,43,0,,,55,,,
1,1,NPU,0,CHENAB_NIF,309,100000,COPPER,,,,0,5,-15,43,0,,,55,,,
1,1,NPU,0,CHENAB_NIF,310,100000,COPPER,,,,0,5,-15,43,0,,,55,,,
1,1,NPU,0,CHENAB_NIF,311,100000,COPPER,,,,0,5,-15,43,0,,,55,,,
1,1,NPU,0,CHENAB_NIF,312,100000,COPPER,,,,0,5,-15,43,0,,,55,,,
1,1,NPU,0,CHENAB_NIF,313,100000,COPPER,,,,0,5,-15,43,0,,,55,,,
1,1,NPU,0,CHENAB_NIF,314,100000,COPPER,,,,0,5,-15,43,0,,,55,,,
1,1,NPU,0,CHENAB_NIF,315,100000,COPPER,,,,0,5,-15,43,0,,,55,,,
1,1,NPU,0,CHENAB_NIF,316,100000,COPPER,,,,0,5,-15,43,0,,,55,,,
1,1,NPU,0,CHENAB_NIF,317,100000,COPPER,,,,0,5,-15,43,0,,,55,,,
1,1,NPU,0,CHENAB_NIF,318,100000,COPPER,,,,0,5,-15,43,0,,,55,,,
1,1,NPU,0,CHENAB_NIF,319,100000,COPPER,,,,0,5,-15,43,0,,,55,,,
1,1,NPU,0,CHENAB_NIF,320,100000,COPPER,,,,0,5,-15,43,0,,,55,,,
1,1,NPU,0,CHENAB_NIF,321,100000,COPPER,,,,0,5,-15,43,0,,,55,,,
1,1,NPU,0,CHENAB_NIF,322,100000,COPPER,,,,0,5,-15,43,0,,,55,,,
1,1,NPU,0,CHENAB_NIF,323,100000,COPPER,,,,0,5,-15,43,0,,,55,,,
1,1,NPU,0,CHENAB_NIF,324,100000,COPPER,,,,0,5,-15,43,0,,,55,,,
1,1,NPU,0,CHENAB_NIF,325,100000,COPPER,,,,0,5,-15,43,0,,,55,,,
1,1,NPU,0,CHENAB_NIF,326,100000,COPPER,,,,0,5,-15,43,0,,,55,,,
1,1,NPU,0,CHENAB_NIF,327,100000,COPPER,,,,0,5,-15,43,0,,,55,,,
1,1,NPU,0,CHENAB_NIF,328,100000,COPPER,,,,0,5,-15,43,0,,,55,,,
1,1,NPU,0,CHENAB_NIF,329,100000,COPPER,,,,0,5,-15,43,0,,,55,,,
1,1,NPU,0,CHENAB_NIF,330,100000,COPPER,,,,0,5,-15,43,0,,,55,,,
1,1,NPU,0,CHENAB_NIF,331,100000,COPPER,,,,0,5,-15,43,0,,,55,,,
1,1,NPU,0,CHENAB_NIF,332,100000,COPPER,,,,0,5,-15,43,0,,,55,,,
1,1,NPU,0,CHENAB_NIF,333,100000,COPPER,,,,0,5,-15,43,0,,,55,,,
1,1,NPU,0,CHENAB_NIF,334,100000,COPPER,,,,0,5,-15,43,0,,,55,,,
1,1,NPU,0,CHENAB_NIF,335,100000,COPPER,,,,0,5,-15,43,0,,,55,,,
1,1,NPU,0,CHENAB_NIF,336,100000,COPPER,,,,0,5,-15,43,0,,,55,,,
1,1,NPU,0,CHENAB_NIF,337,100000,COPPER,,,,0,5,-15,43,0,,,55,,,
1,1,NPU,0,CHENAB_NIF,338,100000,COPPER,,,,0,5,-15,43,0,,,55,,,
1,1,NPU,0,CHENAB_NIF,339,100000,COPPER,,,,0,5,-15,43,0,,,55,,,
1,1,NPU,0,CHENAB_NIF,340,100000,COPPER,,,,0,5,-15,43,0,,,55,,,
1,1,NPU,0,CHENAB_NIF,341,100000,COPPER,,,,0,5,-15,43,0,,,55,,,
1,1,NPU,0,CHENAB_NIF,342,100000,COPPER,,,,0,5,-15,43,0,,,55,,,
1,1,NPU,0,CHENAB_NIF,343,100000,COPPER,,,,0,5,-15,43,0,,,55,,,
1,1,NPU,0,CHENAB_NIF,344,100000,COPPER,,,,0,5,-15,43,0,,,55,,,
1,1,NPU,0,CHENAB_NIF,345,100000,COPPER,,,,0,5,-15,43,0,,,55,,,
1,1,NPU,0,CHENAB_NIF,346,100000,COPPER,,,,0,5,-15,43,0,,,55,,,
1,1,NPU,0,CHENAB_NIF,347,100000,COPPER,,,,0,5,-15,43,0,,,55,,,
1,1,NPU,0,CHENAB_NIF,348,100000,COPPER,,,,0,5,-15,43,0,,,55,,,
1,1,NPU,0,CHENAB_NIF,349,100000,COPPER,,,,0,5,-15,43,0,,,55,,,
1,1,NPU,0,CHENAB_NIF,350,100000,COPPER,,,,0,5,-15,43,0,,,55,,,
1,1,NPU,0,CHENAB_NIF,351,100000,COPPER,,,,0,5,-15,43,0,,,55,,,
1,1,NPU,0,CHENAB_NIF,352,100000,COPPER,,,,0,5,-15,43,0,,,55,,,
1,1,NPU,0,CHENAB_NIF,353,100000,COPPER,,,,0,5,-15,43,0,,,55,,,
1,1,NPU,0,CHENAB_NIF,354,100000,COPPER,,,,0,5,-15,43,0,,,55,,,
1,1,NPU,0,CHENAB_NIF,355,100000,COPPER,,,,0,5,-15,43,0,,,55,,,
1,1,NPU,0,CHENAB_NIF,356,100000,COPPER,,,,0,5,-15,43,0,,,55,,,
1,1,NPU,0,CHENAB_NIF,357,100000,COPPER,,,,0,5,-15,43,0,,,55,,,
1,1,NPU,0,CHENAB_NIF,358,100000,COPPER,,,,0,5,-15,43,0,,,55,,,
1,1,NPU,0,CHENAB_NIF,359,100000,COPPER,,,,0,5,-15,43,0,,,55,,,
1,1,NPU,0,CHENAB_NIF,360,100000,COPPER,,,,0,5,-15,43,0,,,55,,,
1,1,NPU,0,CHENAB_NIF,361,100000,COPPER,,,,0,5,-15,43,0,,,55,,,
1,1,NPU,0,CHENAB_NIF,362,100000,COPPER,,,,0,5,-15,43,0,,,55,,,
1,1,NPU,0,CHENAB_NIF,363,100000,COPPER,,,,0,5,-15,43,0,,,55,,,
1,1,NPU,0,CHENAB_NIF,364,100000,COPPER,,,,0,5,-15,43,0,,,55,,,
1,1,NPU,0,CHENAB_NIF,365,100000,COPPER,,,,0,5,-15,43,0,,,55,,,
1,1,NPU,0,CHENAB_NIF,366,100000,COPPER,,,,0,5,-15,43,0,,,55,,,
1,1,NPU,0,CHENAB_NIF,367,100000,COPPER,,,,0,5,-15,43,0,,,55,,,
1,1,NPU,0,CHENAB_NIF,368,100000,COPPER,,,,0,5,-15,43,0,,,55,,,
1,1,NPU,0,CHENAB_NIF,369,100000,COPPER,,,,0,5,-15,43,0,,,55,,,
1,1,NPU,0,CHENAB_NIF,370,100000,COPPER,,,,0,5,-15,43,0,,,55,,,
1,1,NPU,0,CHENAB_NIF,371,100000,COPPER,,,,0,5,-15,43,0,,,55,,,
1,1,NPU,0,CHENAB_NIF,372,100000,COPPER,,,,0,5,-15,43,0,,,55,,,
1,1,NPU,0,CHENAB_NIF,373,100000,COPPER,,,,0,5,-15,43,0,,,55,,,
1,1,NPU,0,CHENAB_NIF,374,100000,COPPER,,,,0,5,-15,43,0,,,55,,,
1,1,NPU,0,CHENAB_NIF,375,100000,COPPER,,,,0,5,-15,43,0,,,55,,,
1,1,NPU,0,CHENAB_NIF,376,100000,COPPER,,,,0,5,-15,43,0,,,55,,,
1,1,NPU,0,CHENAB_NIF,377,100000,COPPER,,,,0,5,-15,43,0,,,55,,,
1,1,NPU,0,CHENAB_NIF,378,100000,COPPER,,,,0,5,-15,43,0,,,55,,,
1,1,NPU,0,CHENAB_NIF,379,100000,COPPER,,,,0,5,-15,43,0,,,55,,,
1,1,NPU,0,CHENAB_NIF,380,100000,COPPER,,,,0,5,-15,43,0,,,55,,,
1,1,NPU,0,CHENAB_NIF,381,100000,COPPER,,,,0,5,-15,43,0,,,55,,,
1,1,NPU,0,CHENAB_NIF,382,100000,COPPER,,,,0,5,-15,43,0,,,55,,,
1,1,NPU,0,CHENAB_NIF,383,100000,COPPER,,,,0,5,-15,43,0,,,55,,,
1,1,NPU,0,CHENAB_NIF,384,100000,COPPER,,,,0,5,-15,43,0,,,55,,,
1,1,NPU,0,CHENAB_NIF,385,100000,COPPER,,,,0,5,-15,43,0,,,55,,,
1,1,NPU,0,CHENAB_NIF,386,100000,COPPER,,,,0,5,-15,43,0,,,55,,,
1,1,NPU,0,CHENAB_NIF,387,100000,COPPER,,,,0,5,-15,43,0,,,55,,,
1,1,NPU,0,CHENAB_NIF,388,100000,COPPER,,,,0,5,-15,43,0,,,55,,,
1,1,NPU,0,CHENAB_NIF,389,100000,COPPER,,,,0,5,-15,43,0,,,55,,,
1,1,NPU,0,CHENAB_NIF,390,100000,COPPER,,,,0,5,-15,43,0,,,55,,,
1,1,NPU,0,CHENAB_NIF,391,100000,COPPER,,,,0,5,-15,43,0,,,55,,,
1,1,NPU,0,CHENAB_NIF,392,100000,COPPER,,,,0,5,-15,43,0,,,55,,,
1,1,NPU,0,CHENAB_NIF,393,100000,COPPER,,,,0,5,-15,43,0,,,55,,,
1,1,NPU,0,CHENAB_NIF,394,100000,COPPER,,,,0,5,-15,43,0,,,55,,,
1,1,NPU,0,CHENAB_NIF,395,100000,COPPER,,,,0,5,-15,43,0,,,55,,,
1,1,NPU,0,CHENAB_NIF,396,100000,COPPER,,,,0,5,-15,43,0,,,55,,,
1,1,NPU,0,CHENAB_NIF,397,100000,COPPER,,,,0,5,-15,43,0,,,55,,,
1,1,NPU,0,CHENAB_NIF,398,100000,COPPER,,,,0,5,-15,43,0,,,55,,,
1,1,NPU,0,CHENAB_NIF,399,100000,COPPER,,,,0,5,-15,43,0,,,55,,,
1,1,NPU,0,CHENAB_NIF,400,100000,COPPER,,,,0,5,-15,43,0,,,55,,,
1,1,NPU,0,CHENAB_NIF,401,100000,COPPER,,,,0,5,-15,43,0,,,55,,,
1,1,NPU,0,CHENAB_NIF,402,100000,COPPER,,,,0,5,-15,43,0,,,55,,,
1,1,NPU,0,CHENAB_NIF,403,100000,COPPER,,,,0,5,-15,43,0,,,55,,,
1,1,NPU,0,CHENAB_NIF,404,100000,COPPER,,,,0,5,-15,43,0,,,55,,,
1,1,NPU,0,CHENAB_NIF,405,100000,COPPER,,,,0,5,-15,43,0,,,55,,,
1,1,NPU,0,CHENAB_NIF,406,100000,COPPER,,,,0,5,-15,43,0,,,55,,,
1,1,NPU,0,CHENAB_NIF,407,100000,COPPER,,,,0,5,-15,43,0,,,55,,,
1,1,NPU,0,CHENAB_NIF,408,100000,COPPER,,,,0,5,-15,43,0,,,55,,,
1,1,NPU,0,CHENAB_NIF,409,100000,COPPER,,,,0,5,-15,43,0,,,55,,,
1,1,NPU,0,CHENAB_NIF,410,100000,COPPER,,,,0,5,-15,43,0,,,55,,,
1,1,NPU,0,CHENAB_NIF,411,100000,COPPER,,,,0,5,-15,43,0,,,55,,,
1,1,NPU,0,CHENAB_NIF,412,100000,COPPER,,,,0,5,-15,43,0,,,55,,,
1,1,NPU,0,CHENAB_NIF,413,100000,COPPER,,,,0,5,-15,43,0,,,55,,,
1,1,NPU,0,CHENAB_NIF,414,100000,COPPER,,,,0,5,-15,43,0,,,55,,,
1,1,NPU,0,CHENAB_NIF,415,100000,COPPER,,,,0,5,-15,43,0,,,55,,,
1,1,NPU,0,CHENAB_NIF,416,100000,COPPER,,,,0,5,-15,43,0,,,55,,,
1,1,NPU,0,CHENAB_NIF,417,100000,COPPER,,,,0,5,-15,43,0,,,55,,,
1,1,NPU,0,CHENAB_NIF,418,100000,COPPER,,,,0,5,-15,43,0,,,55,,,
1,1,NPU,0,CHENAB_NIF,419,100000,COPPER,,,,0,5,-15,43,0,,,55,,,
1,1,NPU,0,CHENAB_NIF,420,100000,COPPER,,,,0,5,-15,43,0,,,55,,,
1,1,NPU,0,CHENAB_NIF,421,100000,COPPER,,,,0,5,-15,43,0,,,55,,,
1,1,NPU,0,CHENAB_NIF,422,100000,COPPER,,,,0,5,-15,43,0,,,55,,,
1,1,NPU,0,CHENAB_NIF,423,100000,COPPER,,,,0,5,-15,43,0,,,55,,,
1,1,NPU,0,CHENAB_NIF,424,100000,COPPER,,,,0,5,-15,43,0,,,55,,,
1,1,NPU,0,CHENAB_NIF,425,100000,COPPER,,,,0,5,-15,43,0,,,55,,,
1,1,NPU,0,CHENAB_NIF,426,100000,COPPER,,,,0,5,-15,43,0,,,55,,,
1,1,NPU,0,CHENAB_NIF,427,100000,COPPER,,,,0,5,-15,43,0,,,55,,,
1,1,NPU,0,CHENAB_NIF,428,100000,COPPER,,,,0,5,-15,43,0,,,55,,,
1,1,NPU,0,CHENAB_NIF,429,100000,COPPER,,,,0,5,-15,43,0,,,55,,,
1,1,NPU,0,CHENAB_NIF,430,100000,COPPER,,,,0,5,-15,43,0,,,55,,,
1,1,NPU,0,CHENAB_NIF,431,100000,COPPER,,,,0,5,-15,43,0,,,55,,,
1,1,NPU,0,CHENAB_NIF,432,100000,COPPER,,,,0,5,-15,43,0,,,55,,,
1,1,NPU,0,CHENAB_NIF,433,100000,COPPER,,,,0,5,-15,43,0,,,55,,,
1,1,NPU,0,CHENAB_NIF,434,100000,COPPER,,,,0,5,-15,43,0,,,55,,,
1,1,NPU,0,CHENAB_NIF,435,100000,COPPER,,,,0,5,-15,43,0,,,55,,,
1,1,NPU,0,CHENAB_NIF,436,100000,COPPER,,,,0,5,-15,43,0,,,55,,,
1,1,NPU,0,CHENAB_NIF,437,100000,COPPER,,,,0,5,-15,43,0,,,55,,,
1,1,NPU,0,CHENAB_NIF,438,100000,COPPER,,,,0,5,-15,43,0,,,55,,,
1,1,NPU,0,CHENAB_NIF,439,100000,COPPER,,,,0,5,-15,43,0,,,55,,,
1,1,NPU,0,CHENAB_NIF,440,100000,COPPER,,,,0,5,-15,43,0,,,55,,,
1,1,NPU,0,CHENAB_NIF,441,100000,COPPER,,,,0,5,-15,43,0,,,55,,,
1,1,NPU,0,CHENAB_NIF,442,100000,COPPER,,,,0,5,-15,43,0,,,55,,,
1,1,NPU,0,CHENAB_NIF,443,100000,COPPER,,,,0,5,-15,43,0,,,55,,,
1,1,NPU,0,CHENAB_NIF,444,100000,COPPER,,,,0,5,-15,43,0,,,55,,,
1,1,NPU,0,CHENAB_NIF,445,100000,COPPER,,,,0,5,-15,43,0,,,55,,,
1,1,NPU,0,CHENAB_NIF,446,100000,COPPER,,,,0,5,-15,43,0,,,55,,,
1,1,NPU,0,CHENAB_NIF,447,100000,COPPER,,,,0,5,-15,43,0,,,55,,,
1,1,NPU,0,CHENAB_NIF,448,100000,COPPER,,,,0,5,-15,43,0,,,55,,,
1,1,NPU,0,CHENAB_NIF,449,100000,COPPER,,,,0,5,-15,43,0,,,55,,,
1,1,NPU,0,CHENAB_NIF,450,100000,COPPER,,,,0,5,-15,43,0,,,55,,,
1,1,NPU,0,CHENAB_NIF,451,100000,COPPER,,,,0,5,-15,43,0,,,55,,,
1,1,NPU,0,CHENAB_NIF,452,100000,COPPER,,,,0,5,-15,43,0,,,55,,,
1,1,NPU,0,CHENAB_NIF,453,100000,COPPER,,,,0,5,-15,43,0,,,55,,,
1,1,NPU,0,CHENAB_NIF,454,100000,COPPER,,,,0,5,-15,43,0,,,55,,,
1,1,NPU,0,CHENAB_NIF,455,100000,COPPER,,,,0,5,-15,43,0,,,55,,,
1,1,NPU,0,CHENAB_NIF,456,100000,COPPER,,,,0,5,-15,43,0,,,55,,,
1,1,NPU,0,CHENAB_NIF,457,100000,COPPER,,,,0,5,-15,43,0,,,55,,,
1,1,NPU,0,CHENAB_NIF,458,100000,COPPER,,,,0,5,-15,43,0,,,55,,,
1,1,NPU,0,CHENAB_NIF,459,100000,COPPER,,,,0,5,-15,43,0,,,55,,,
1,1,NPU,0,CHENAB_NIF,460,100000,COPPER,,,,0,5,-15,43,0,,,55,,,
1,1,NPU,0,CHENAB_NIF,461,100000,COPPER,,,,0,5,-15,43,0,,,55,,,
1,1,NPU,0,CHENAB_NIF,462,100000,COPPER,,,,0,5,-15,43,0,,,55,,,
1,1,NPU,0,CHENAB_NIF,463,100000,COPPER,,,,0,5,-15,43,0,,,55,,,
1,1,NPU,0,CHENAB_NIF,464,100000,COPPER,,,,0,5,-15,43,0,,,55,,,
1,1,NPU,0,CHENAB_NIF,465,100000,COPPER,,,,0,5,-15,43,0,,,55,,,
1,1,NPU,0,CHENAB_NIF,466,100000,COPPER,,,,0,5,-15,43,0,,,55,,,
1,1,NPU,0,CHENAB_NIF,467,100000,COPPER,,,,0,5,-15,43,0,,,55,,,
1,1,NPU,0,CHENAB_NIF,468,100000,COPPER,,,,0,5,-15,43,0,,,55,,,
1,1,NPU,0,CHENAB_NIF,469,100000,COPPER,,,,0,5,-15,43,0,,,55,,,
1,1,NPU,0,CHENAB_NIF,470,100000,COPPER,,,,0,5,-15,43,0,,,55,,,
1,1,NPU,0,CHENAB_NIF,471,100000,COPPER,,,,0,5,-15,43,0,,,55,,,
1,1,NPU,0,CHENAB_NIF,472,100000,COPPER,,,,0,5,-15,43,0,,,55,,,
1,1,NPU,0,CHENAB_NIF,473,100000,COPPER,,,,0,5,-15,43,0,,,55,,,
1,1,NPU,0,CHENAB_NIF,474,100000,COPPER,,,,0,5,-15,43,0,,,55,,,
1,1,NPU,0,CHENAB_NIF,475,100000,COPPER,,,,0,5,-15,43,0,,,55,,,
1,1,NPU,0,CHENAB_NIF,476,100000,COPPER,,,,0,5,-15,43,0,,,55,,,
1,1,NPU,0,CHENAB_NIF,477,100000,COPPER,,,,0,5,-15,43,0,,,55,,,
1,1,NPU,0,CHENAB_NIF,478,100000,COPPER,,,,0,5,-15,43,0,,,55,,,
1,1,NPU,0,CHENAB_NIF,479,100000,COPPER,,,,0,5,-15,43,0,,,55,,,
1,1,NPU,0,CHENAB_NIF,480,100000,COPPER,,,,0,5,-15,43,0,,,55,,,
1,1,NPU,0,CHENAB_NIF,481,100000,COPPER,,,,0,5,-15,43,0,,,55,,,
1,1,NPU,0,CHENAB_NIF,482,100000,COPPER,,,,0,5,-15,43,0,,,55,,,
1,1,NPU,0,CHENAB_NIF,483,100000,COPPER,,,,0,5,-15,43,0,,,55,,,
1,1,NPU,0,CHENAB_NIF,484,100000,COPPER,,,,0,5,-15,43,0,,,55,,,
1,1,NPU,0,CHENAB_NIF,485,100000,COPPER,,,,0,5,-15,43,0,,,55,,,
1,1,NPU,0,CHENAB_NIF,486,100000,COPPER,,,,0,5,-15,43,0,,,55,,,
1,1,NPU,0,CHENAB_NIF,487,100000,COPPER,,,,0,5,-15,43,0,,,55,,,
1,1,NPU,0,CHENAB_NIF,488,100000,COPPER,,,,0,5,-15,43,0,,,55,,,
1,1,NPU,0,CHENAB_NIF,489,100000,COPPER,,,,0,5,-15,43,0,,,55,,,
1,1,NPU,0,CHENAB_NIF,490,100000,COPPER,,,,0,5,-15,43,0,,,55,,,
1,1,NPU,0,CHENAB_NIF,491,100000,COPPER,,,,0,5,-15,43,0,,,55,,,
1,1,NPU,0,CHENAB_NIF,492,100000,COPPER,,,,0,5,-15,43,0,,,55,,,
1,1,NPU,0,CHENAB_NIF,493,100000,COPPER,,,,0,5,-15,43,0,,,55,,,
1,1,NPU,0,CHENAB_NIF,494,100000,COPPER,,,,0,5,-15,43,0,,,55,,,
1,1,NPU,0,CHENAB_NIF,495,100000,COPPER,,,,0,5,-15,43,0,,,55,,,
1,1,NPU,0,CHENAB_NIF,496,100000,COPPER,,,,0,5,-15,43,0,,,55,,,
1,1,NPU,0,CHENAB_NIF,497,100000,COPPER,,,,0,5,-15,43,0,,,55,,,
1,1,NPU,0,CHENAB_NIF,498,100000,COPPER,,,,0,5,-15,43,0,,,55,,,
1,1,NPU,0,CHENAB_NIF,499,100000,COPPER,,,,0,5,-15,43,0,,,55,,,
1,1,NPU,0,CHENAB_NIF,500,100000,COPPER,,,,0,5,-15,43,0,,,55,,,
1,1,NPU,0,CHENAB_NIF,501,100000,COPPER,,,,0,5,-15,43,0,,,55,,,
1,1,NPU,0,CHENAB_NIF,502,100000,COPPER,,,,0,5,-15,43,0,,,55,,,
1,1,NPU,0,CHENAB_NIF,503,100000,COPPER,,,,0,5,-15,43,0,,,55,,,
1,1,NPU,0,CHENAB_NIF,504,100000,COPPER,,,,0,5,-15,43,0,,,55,,,
1,1,NPU,0,CHENAB_NIF,505,100000,COPPER,,,,0,5,-15,43,0,,,55,,,
1,1,NPU,0,CHENAB_NIF,506,100000,COPPER,,,,0,5,-15,43,0,,,55,,,
1,1,NPU,0,CHENAB_NIF,507,100000,COPPER,,,,0,5,-15,43,0,,,55,,,
1,1,NPU,0,CHENAB_NIF,508,100000,COPPER,,,,0,5,-15,43,0,,,55,,,
1,1,NPU,0,CHENAB_NIF,509,100000,COPPER,,,,0,5,-15,43,0,,,55,,,
1,1,NPU,0,CHENAB_NIF,510,100000,COPPER,,,,0,5,-15,43,0,,,55,,,
1,1,NPU,0,CHENAB_NIF,511,100000,COPPER,,,,0,5,-15,43,0,,,55,,,
1,1,NPU,0,CHENAB_NIF,512,25000,COPPER,,,,0,0,0,63,0,,,63,,,
1,1,NPU,0,CHENAB_NIF,513,25000,COPPER,,,,0,0,0,63,0,,,63,,,
